,c_nodes,row,v_nodes,sim_index,snr,bias_bits,ts_size
0,[15 18 39],0,[ 0 72 95],0,1,"[0.0, 22.0, 72.0, 81.0, 95.0]","[3.0, 3.0]"
1,[15 18 21 29 34],0,[ 0 22 72 81 95],1,1,"[0.0, 22.0, 72.0, 81.0, 95.0]","[5.0, 5.0]"
2,[11 23 25 31 43],1,[ 1 44 45 57 58 68 89],0,1,"[1.0, 17.0, 27.0, 42.0, 44.0, 45.0, 57.0, 58.0, 68.0, 89.0, 90.0]","[7.0, 5.0]"
3,[ 3  4 15 18 22 23 27 31 36 43 44],1,[17 27 44 57 68],1,1,"[1.0, 17.0, 27.0, 42.0, 44.0, 45.0, 57.0, 58.0, 68.0, 89.0, 90.0]","[5.0, 11.0]"
4,[ 7 15 26 28 38 46],2,[26 29 40 83],0,1,"[2.0, 26.0, 29.0, 40.0, 83.0]","[4.0, 6.0]"
5,[11 12 37 40],3,[25 73],0,1,"[3.0, 25.0, 73.0]","[2.0, 4.0]"
6,[11 21 37],3,[3],1,1,"[3.0, 25.0, 73.0]","[1.0, 3.0]"
7,[ 2  5  8  9 14 16 17 21 29 30 33 34 38],4,[ 4 22 43 56 63 83 95],0,1,"[4.0, 22.0, 34.0, 43.0, 55.0, 56.0, 63.0, 67.0, 70.0, 81.0, 83.0, 95.0]","[7.0, 13.0]"
8,[ 0  2  5  8  9 16 18 27 29 30 38 39 42],4,[ 4 22 34 43 55 56 63 67 81],1,1,"[4.0, 22.0, 34.0, 43.0, 55.0, 56.0, 63.0, 67.0, 70.0, 81.0, 83.0, 95.0]","[9.0, 13.0]"
9,[ 7 13 23 29 37 40],5,[ 5 32 46 88],0,1,"[5.0, 30.0, 32.0, 46.0, 51.0, 60.0, 72.0, 88.0, 94.0]","[4.0, 6.0]"
10,[ 1 16 20 26 33 37 41],5,[30 51 60],1,1,"[5.0, 30.0, 32.0, 46.0, 51.0, 60.0, 72.0, 88.0, 94.0]","[3.0, 7.0]"
11,[ 1  7  8 13 33 38 41 47],6,[ 6 32 61 94],0,1,"[6.0, 28.0, 29.0, 32.0, 36.0, 50.0, 52.0, 61.0, 94.0]","[4.0, 8.0]"
12,[ 8 13 38 41],6,[29 36],1,1,"[6.0, 28.0, 29.0, 32.0, 36.0, 50.0, 52.0, 61.0, 94.0]","[2.0, 4.0]"
13,[10 12 43 47],7,[ 7 31 79 91],0,1,"[7.0, 31.0, 35.0, 65.0, 77.0, 79.0, 91.0, 93.0]","[4.0, 4.0]"
14,[19 22 45 47],7,[35 79],1,1,"[7.0, 31.0, 35.0, 65.0, 77.0, 79.0, 91.0, 93.0]","[2.0, 4.0]"
15,[ 5  6 13 20 21 24 26 30 37 38 39],8,[ 8 18 29 33 36 51 64 74 76],0,1,"[8.0, 18.0, 29.0, 33.0, 36.0, 39.0, 51.0, 64.0, 74.0, 76.0, 84.0]","[9.0, 11.0]"
16,[ 1  5  8 13 20 30 38 42],8,[ 8 18 29 36 76 84],1,1,"[8.0, 18.0, 29.0, 33.0, 36.0, 39.0, 51.0, 64.0, 74.0, 76.0, 84.0]","[6.0, 8.0]"
17,[25 28 34 47],9,[ 9 93],0,1,"[9.0, 23.0, 55.0, 70.0, 93.0]","[2.0, 4.0]"
18,[ 0  2 18 28 34 47],9,[55 93],1,1,"[9.0, 23.0, 55.0, 70.0, 93.0]","[2.0, 6.0]"
19,[13 19 28 31 36 42 43],10,[16 31 54],0,1,"[10.0, 16.0, 31.0, 47.0, 54.0, 71.0]","[3.0, 7.0]"
20,[ 9 10 13 30 36 42 43],10,[10 47 71],1,1,"[10.0, 16.0, 31.0, 47.0, 54.0, 71.0]","[3.0, 7.0]"
21,[ 3  6 13 30 41],11,[11 71 76],0,1,"[11.0, 49.0, 71.0, 76.0, 86.0]","[3.0, 5.0]"
22,[ 0  7 11 12 13 15 17 19 23 25 40 45],12,[23 25 26 35 61 73],0,1,"[12.0, 23.0, 25.0, 26.0, 32.0, 35.0, 41.0, 61.0, 73.0, 78.0, 79.0, 82.0]","[6.0, 12.0]"
23,[ 7 17 23 25 33 37 42],12,[26 32 78],1,1,"[12.0, 23.0, 25.0, 26.0, 32.0, 35.0, 41.0, 61.0, 73.0, 78.0, 79.0, 82.0]","[3.0, 7.0]"
24,[ 3  6 16 22 23 29 43 44 45 47],13,[13 42 49 61 62 85],0,1,"[13.0, 35.0, 42.0, 49.0, 61.0, 62.0, 71.0, 79.0, 85.0, 88.0]","[6.0, 10.0]"
25,[ 0 23 45],13,[13 61 79],1,1,"[13.0, 35.0, 42.0, 49.0, 61.0, 62.0, 71.0, 79.0, 85.0, 88.0]","[3.0, 3.0]"
26,[ 9 15 21 22 24 27 35 36 43 44],14,[17 33 44 63 67 89],0,1,"[14.0, 17.0, 33.0, 44.0, 47.0, 53.0, 63.0, 67.0, 69.0, 75.0, 84.0, 89.0]","[6.0, 10.0]"
27,[ 5 11 24 30 36 46],14,[14 47 67 69],1,1,"[14.0, 17.0, 33.0, 44.0, 47.0, 53.0, 63.0, 67.0, 69.0, 75.0, 84.0, 89.0]","[4.0, 6.0]"
28,[ 0  7 20 24 40 41],15,[80 82],0,1,"[15.0, 25.0, 30.0, 60.0, 69.0, 73.0, 80.0, 82.0]","[2.0, 6.0]"
29,[ 0 11 12 16 36],15,[30 69 80],1,1,"[15.0, 25.0, 30.0, 60.0, 69.0, 73.0, 80.0, 82.0]","[3.0, 5.0]"
30,[ 5 11 13 30 32 41 43],16,[16 36 45 71 84],0,1,"[10.0, 16.0, 36.0, 45.0, 53.0, 71.0, 84.0]","[5.0, 7.0]"
31,[ 5 11 13 26 27 30 43],16,[53 71 84],1,1,"[10.0, 16.0, 36.0, 45.0, 53.0, 71.0, 84.0]","[3.0, 7.0]"
32,[ 5 12 22 31 32 35 36 44],17,[14 42 44 49 54 87 90 91],0,1,"[1.0, 14.0, 17.0, 42.0, 44.0, 49.0, 54.0, 58.0, 87.0, 90.0, 91.0]","[8.0, 8.0]"
33,[ 3 12 32 44],17,[ 1 17 90 91],1,1,"[1.0, 14.0, 17.0, 42.0, 44.0, 49.0, 54.0, 58.0, 87.0, 90.0, 91.0]","[4.0, 4.0]"
34,[ 3  6  9 17 30 31 37],18,[ 8 48 51 66 86],1,1,"[8.0, 18.0, 47.0, 48.0, 51.0, 56.0, 66.0, 86.0, 94.0]","[5.0, 7.0]"
35,[ 0  9 15 27 33 44 46],19,[19 67 89],0,1,"[19.0, 55.0, 67.0, 72.0, 89.0, 95.0]","[3.0, 7.0]"
36,[ 0  9 18 29 33 44],19,[19 72 89 95],1,1,"[19.0, 55.0, 67.0, 72.0, 89.0, 95.0]","[4.0, 6.0]"
37,[ 2  5 38 44],20,[20 37 59 63],0,1,"[20.0, 33.0, 37.0, 43.0, 59.0, 62.0, 63.0]","[4.0, 4.0]"
38,[21 24 35 46],20,[33 63],1,1,"[20.0, 33.0, 37.0, 43.0, 59.0, 62.0, 63.0]","[2.0, 4.0]"
39,[10 12 17 18],21,[21 60 65 95],0,1,"[21.0, 48.0, 60.0, 65.0, 91.0, 95.0]","[4.0, 4.0]"
40,[ 9 17 35],21,[48],1,1,"[21.0, 48.0, 60.0, 65.0, 91.0, 95.0]","[1.0, 3.0]"
41,[ 0 10 18 31 40 45],22,[46 55 66 85],0,1,"[0.0, 4.0, 22.0, 46.0, 55.0, 56.0, 66.0, 77.0, 81.0, 85.0, 86.0]","[4.0, 6.0]"
42,[ 0  6  9 14 21 29 38 46],22,[ 0  4 55 56 81 86],1,1,"[0.0, 4.0, 22.0, 46.0, 55.0, 56.0, 66.0, 77.0, 81.0, 85.0, 86.0]","[6.0, 8.0]"
43,[ 7 19 34 37 47],23,[ 9 12 23 40 93],0,1,"[9.0, 12.0, 23.0, 40.0, 78.0, 93.0]","[5.0, 5.0]"
44,[ 2 15 19 25 34 42],23,[ 9 12 23 78],1,1,"[9.0, 12.0, 23.0, 40.0, 78.0, 93.0]","[4.0, 6.0]"
45,[38 46],24,[24 37 43 62],0,1,"[24.0, 37.0, 43.0, 62.0, 63.0, 70.0, 77.0, 81.0, 93.0]","[4.0, 2.0]"
46,[ 2  5  6 14 39 45],24,[43 62 63 81],1,1,"[24.0, 37.0, 43.0, 62.0, 63.0, 70.0, 77.0, 81.0, 93.0]","[4.0, 6.0]"
47,[ 7 10 15 19 32 37 47],25,[12 15 45 54 57 69 73],0,1,"[3.0, 12.0, 15.0, 25.0, 45.0, 54.0, 57.0, 68.0, 69.0, 73.0, 82.0, 87.0]","[7.0, 7.0]"
48,[12 19 21 31 32],25,[ 3 45 73],1,1,"[3.0, 12.0, 15.0, 25.0, 45.0, 54.0, 57.0, 68.0, 69.0, 73.0, 82.0, 87.0]","[3.0, 5.0]"
49,[ 7 12 34 37],26,[26 38],0,1,"[2.0, 12.0, 26.0, 38.0, 40.0, 73.0]","[2.0, 4.0]"
50,[12 15 17 28 34 37],26,[38 40],1,1,"[2.0, 12.0, 26.0, 38.0, 40.0, 73.0]","[2.0, 6.0]"
51,[ 2  4 10 22 36 38 44],27,[ 1 27 42 70 90],0,1,"[1.0, 27.0, 42.0, 49.0, 59.0, 70.0, 90.0]","[5.0, 7.0]"
52,[ 2  3  4 18 22 31 38 43 44],27,[ 1 49 70],1,1,"[1.0, 27.0, 42.0, 49.0, 59.0, 70.0, 90.0]","[3.0, 9.0]"
53,[ 6  8 14 23 41 42 46],28,[ 6 63 64 81 84],0,1,"[6.0, 28.0, 50.0, 63.0, 64.0, 81.0, 84.0]","[5.0, 7.0]"
54,[ 6 14 42 46],28,[63 64 81 84],1,1,"[6.0, 28.0, 50.0, 63.0, 64.0, 81.0, 84.0]","[4.0, 4.0]"
55,[ 5  6 13 18 23 28 38],29,[ 6 29 34 36 50 64 84],0,1,"[2.0, 6.0, 8.0, 29.0, 34.0, 36.0, 37.0, 50.0, 51.0, 64.0, 70.0, 74.0, 83.0, 84.0, 94.0]","[7.0, 7.0]"
56,[ 2  3  5 13 17 21 37 46],29,[ 6  8 34 36 51 70 74 83 84 94],1,1,"[2.0, 6.0, 8.0, 29.0, 34.0, 36.0, 37.0, 50.0, 51.0, 64.0, 70.0, 74.0, 83.0, 84.0, 94.0]","[10.0, 8.0]"
57,[ 0  3 12 16 19 24 33 37 41],30,[30 60 73 76 80],0,1,"[5.0, 15.0, 30.0, 36.0, 60.0, 73.0, 76.0, 80.0, 88.0]","[5.0, 9.0]"
58,[ 1  3 12 19 37],30,[ 5 30 60 73 76],1,1,"[5.0, 15.0, 30.0, 36.0, 60.0, 73.0, 76.0, 80.0, 88.0]","[5.0, 5.0]"
59,[ 3 14 22 29],31,[31 49 77 85],0,1,"[7.0, 10.0, 31.0, 42.0, 49.0, 65.0, 71.0, 77.0, 85.0]","[4.0, 4.0]"
60,[ 0  3 22 30 32 42],31,[ 7 10 31 49],1,1,"[7.0, 10.0, 31.0, 42.0, 49.0, 65.0, 71.0, 77.0, 85.0]","[4.0, 6.0]"
61,[ 7  8 13 16 38 41 47],32,[ 5  6 32 61 94],0,1,"[5.0, 6.0, 12.0, 32.0, 52.0, 60.0, 61.0, 68.0, 72.0, 82.0, 94.0]","[5.0, 7.0]"
62,[ 4 12 13 16 19 20 33 38 40],32,[ 5 12 32 60 61 68 94],1,1,"[5.0, 6.0, 12.0, 32.0, 52.0, 60.0, 61.0, 68.0, 72.0, 82.0, 94.0]","[7.0, 9.0]"
63,[ 2  6 24 26 35 42 44 46],33,[20 33 59 84],0,1,"[8.0, 14.0, 20.0, 33.0, 59.0, 63.0, 69.0, 74.0, 75.0, 84.0]","[4.0, 8.0]"
64,[ 2 11 16 27],33,[14 59 69 75],1,1,"[8.0, 14.0, 20.0, 33.0, 59.0, 63.0, 69.0, 74.0, 75.0, 84.0]","[4.0, 4.0]"
65,[ 2 17 18 26 46],34,[29 70 83],0,1,"[4.0, 29.0, 34.0, 70.0, 83.0, 84.0]","[3.0, 5.0]"
66,[ 8 17 46],34,[83],1,1,"[4.0, 29.0, 34.0, 70.0, 83.0, 84.0]","[1.0, 3.0]"
67,[ 0  7 10 14 19 29 32 47],35,[ 7 12 77 85],0,1,"[7.0, 12.0, 13.0, 35.0, 54.0, 77.0, 79.0, 85.0]","[4.0, 8.0]"
68,[ 0 13 45 47],35,[13 79],1,1,"[7.0, 12.0, 13.0, 35.0, 54.0, 77.0, 79.0, 85.0]","[2.0, 4.0]"
69,[ 3  5 26 31 35 41],36,[ 8 16 36 84],0,1,"[6.0, 8.0, 16.0, 29.0, 30.0, 36.0, 51.0, 61.0, 76.0, 84.0, 88.0]","[4.0, 6.0]"
70,[ 3 12 20 23 37 38],36,[ 6 29 30 36 76 88],1,1,"[6.0, 8.0, 16.0, 29.0, 30.0, 36.0, 51.0, 61.0, 76.0, 84.0, 88.0]","[6.0, 6.0]"
71,[ 2  6  8 14 16 18 21 30 39 45],37,[29 37 56 62 64 70],0,1,"[20.0, 24.0, 29.0, 37.0, 56.0, 62.0, 63.0, 64.0, 70.0, 74.0, 81.0, 86.0]","[6.0, 10.0]"
72,[ 5  8 16 18 24 30 34 35],37,[20 24 37 62 63 70 74 86],1,1,"[20.0, 24.0, 29.0, 37.0, 56.0, 62.0, 63.0, 64.0, 70.0, 74.0, 81.0, 86.0]","[8.0, 8.0]"
73,[ 7 12 19 22 32 34],38,[26 38 73 91],1,1,"[26.0, 38.0, 65.0, 73.0, 91.0]","[4.0, 6.0]"
74,[11 22 25 26 35],39,[ 8 49 92],0,1,"[8.0, 39.0, 49.0, 64.0, 92.0]","[3.0, 5.0]"
75,[ 2 25 37],40,[23 40 93],0,1,"[2.0, 23.0, 26.0, 40.0, 93.0]","[3.0, 3.0]"
76,[ 2  7 15 17 47],40,[26 40 93],1,1,"[2.0, 23.0, 26.0, 40.0, 93.0]","[3.0, 5.0]"
77,[ 2  7 40 45],41,[41 77 82 93],0,1,"[12.0, 41.0, 77.0, 82.0, 93.0]","[4.0, 4.0]"
78,[ 7 14 19 28 45 47],41,[12 77],1,1,"[12.0, 41.0, 77.0, 82.0, 93.0]","[2.0, 6.0]"
79,[10 19 28 29 36 43 45],42,[31 54 85],0,1,"[1.0, 13.0, 17.0, 27.0, 31.0, 42.0, 49.0, 54.0, 65.0, 85.0, 91.0]","[3.0, 7.0]"
80,[ 4 13 19 31 36 45],42,[ 1 13 42 54],1,1,"[1.0, 13.0, 17.0, 27.0, 31.0, 42.0, 49.0, 54.0, 65.0, 85.0, 91.0]","[4.0, 6.0]"
81,[ 5 24 44 45 46],43,[20 62 75],0,1,"[4.0, 20.0, 24.0, 43.0, 59.0, 62.0, 63.0, 70.0, 75.0]","[3.0, 5.0]"
82,[ 2  6 14 18 21 24 44],43,[ 4 20 43 63 75],1,1,"[4.0, 20.0, 24.0, 43.0, 59.0, 62.0, 63.0, 70.0, 75.0]","[5.0, 7.0]"
83,[ 4  5 15 22 25 31 32],44,[ 1 14 17 58 89],0,1,"[1.0, 14.0, 17.0, 44.0, 49.0, 53.0, 58.0, 89.0, 92.0]","[5.0, 7.0]"
84,[ 3  4  5 15 22 25 32 36 43 44],44,[14 49 58 89],1,1,"[1.0, 14.0, 17.0, 44.0, 49.0, 53.0, 58.0, 89.0, 92.0]","[4.0, 10.0]"
85,[ 3  4 15 19 32 36 44],45,[ 1 25 45 57 90],0,1,"[1.0, 16.0, 25.0, 45.0, 53.0, 57.0, 58.0, 69.0, 90.0, 92.0]","[5.0, 7.0]"
86,[ 3  4 11 15 19 24 32 44],45,[ 1 25 45 57 69 90],1,1,"[1.0, 16.0, 25.0, 45.0, 53.0, 57.0, 58.0, 69.0, 90.0, 92.0]","[6.0, 8.0]"
87,[ 1  4  7 14 20 23 34 40],46,[22 46 68 82],0,1,"[5.0, 22.0, 46.0, 52.0, 57.0, 66.0, 68.0, 72.0, 82.0, 94.0]","[4.0, 8.0]"
88,[20 23 38 41],46,[46 52 82 94],1,1,"[5.0, 22.0, 46.0, 52.0, 57.0, 66.0, 68.0, 72.0, 82.0, 94.0]","[4.0, 4.0]"
89,[ 5 10 17 19 35 46],47,[14 48 54 67],0,1,"[10.0, 14.0, 18.0, 47.0, 48.0, 54.0, 67.0]","[4.0, 6.0]"
90,[10 17 27 30 35 42 46],47,[10 48 67],1,1,"[10.0, 14.0, 18.0, 47.0, 48.0, 54.0, 67.0]","[3.0, 7.0]"
91,[ 1  8  9 30 46],48,[18 48 83],0,1,"[18.0, 21.0, 47.0, 48.0, 65.0, 67.0, 74.0, 83.0]","[3.0, 5.0]"
92,[ 8 17 20 30 32 36 46],48,[21 47 83],1,1,"[18.0, 21.0, 47.0, 48.0, 65.0, 67.0, 74.0, 83.0]","[3.0, 7.0]"
93,[ 6 28 30 31 36 41 43 44 45],49,[11 13 31 42 71 76 90],0,1,"[11.0, 13.0, 17.0, 27.0, 31.0, 39.0, 42.0, 44.0, 49.0, 71.0, 76.0, 90.0, 92.0]","[7.0, 9.0]"
94,[11 18 22 28 30 31 36 39 45],49,[13 27 31 39 42 49 71 90 92],1,1,"[11.0, 13.0, 17.0, 27.0, 31.0, 39.0, 42.0, 44.0, 49.0, 71.0, 76.0, 90.0, 92.0]","[9.0, 9.0]"
95,[ 5 21 23 26 35 38 39],50,[28 29 74],0,1,"[6.0, 28.0, 29.0, 50.0, 64.0, 74.0, 77.0, 81.0]","[3.0, 7.0]"
96,[ 5  8 23 28],50,[28 50],1,1,"[6.0, 28.0, 29.0, 50.0, 64.0, 74.0, 77.0, 81.0]","[2.0, 4.0]"
97,[ 8 13 33 38],51,[ 5 29 51 88],0,1,"[5.0, 8.0, 18.0, 29.0, 36.0, 51.0, 88.0, 94.0]","[4.0, 4.0]"
98,[ 3 30 33 37 41],51,[ 5  8 18 36 88],1,1,"[5.0, 8.0, 18.0, 29.0, 36.0, 51.0, 88.0, 94.0]","[5.0, 5.0]"
99,[ 7 29 41],52,[52],0,1,"[6.0, 32.0, 46.0, 52.0, 72.0, 76.0, 82.0]","[1.0, 3.0]"
100,[ 7 20 23 29 33 40 41],52,[32 52 82],1,1,"[6.0, 32.0, 46.0, 52.0, 72.0, 76.0, 82.0]","[3.0, 7.0]"
101,[ 5 26 42],53,[84],0,1,"[14.0, 16.0, 44.0, 45.0, 53.0, 69.0, 78.0, 84.0, 92.0]","[1.0, 3.0]"
102,[ 5  7 13 25 32 36 42],53,[14 16 45 53 78],1,1,"[14.0, 16.0, 44.0, 45.0, 53.0, 69.0, 78.0, 84.0, 92.0]","[5.0, 7.0]"
103,[ 4  9 35 42],54,[10 47 54 87],0,1,"[10.0, 17.0, 25.0, 35.0, 42.0, 47.0, 54.0, 69.0, 85.0, 87.0]","[4.0, 4.0]"
104,[ 0  4 10 22 24 29 40],54,[17 25 35 69 85],1,1,"[10.0, 17.0, 25.0, 35.0, 42.0, 47.0, 54.0, 69.0, 85.0, 87.0]","[5.0, 7.0]"
105,[ 0  9 14 18 25 29 33 34 38],55,[ 9 22 55 70 95],0,1,"[4.0, 9.0, 19.0, 22.0, 55.0, 70.0, 95.0]","[5.0, 9.0]"
106,[ 2 14 27 29 33 38],55,[19 22 55 70],1,1,"[4.0, 9.0, 19.0, 22.0, 55.0, 70.0, 95.0]","[4.0, 6.0]"
107,[ 2  6 14 18 34],56,[56 70 86],0,1,"[4.0, 18.0, 22.0, 37.0, 56.0, 70.0, 81.0, 86.0, 94.0]","[3.0, 5.0]"
108,[ 1 18 21 30 34 35 46],56,[ 4 18 37 56 86],1,1,"[4.0, 18.0, 22.0, 37.0, 56.0, 70.0, 81.0, 86.0, 94.0]","[5.0, 7.0]"
109,[ 1 11 19 23 27 29 33 34],57,[ 1 25 66 68 72 89],0,1,"[1.0, 25.0, 45.0, 46.0, 57.0, 66.0, 68.0, 72.0, 89.0]","[6.0, 8.0]"
110,[ 1  4 15 19 27 31 32 34 40],57,[ 1 25 45 66 89],1,1,"[1.0, 25.0, 45.0, 46.0, 57.0, 66.0, 68.0, 72.0, 89.0]","[5.0, 9.0]"
111,[ 4 25 27 31 32 43 44],58,[ 1 44 58],0,1,"[1.0, 17.0, 44.0, 45.0, 58.0, 91.0, 92.0]","[3.0, 7.0]"
112,[11 27 32 43 44],58,[ 1 44 45],1,1,"[1.0, 17.0, 44.0, 45.0, 58.0, 91.0, 92.0]","[3.0, 5.0]"
113,[ 2  3  5  6 16 18 35 44],59,[20 27 33 43],0,1,"[20.0, 27.0, 33.0, 43.0, 59.0, 70.0, 75.0]","[4.0, 8.0]"
114,[ 2  3 18 24 35 46],59,[27 33 43 75],1,1,"[20.0, 27.0, 33.0, 43.0, 59.0, 70.0, 75.0]","[4.0, 6.0]"
115,[ 3  7 12 18 32 40 41],60,[21 60 76 82 95],0,1,"[5.0, 15.0, 21.0, 30.0, 32.0, 60.0, 76.0, 82.0, 91.0, 95.0]","[5.0, 7.0]"
116,[ 9 12 16 23 32 33 40 41],60,[21 30 32 82],1,1,"[5.0, 15.0, 21.0, 30.0, 32.0, 60.0, 76.0, 82.0, 91.0, 95.0]","[4.0, 8.0]"
117,[ 7 19 47],61,[12],0,1,"[6.0, 12.0, 13.0, 32.0, 36.0, 61.0, 79.0]","[1.0, 3.0]"
118,[ 0  7  8 22 33 41 47],61,[ 6 32 79],1,1,"[6.0, 12.0, 13.0, 32.0, 36.0, 61.0, 79.0]","[3.0, 7.0]"
119,[13 16 22 24 38],62,[13 20 24 37 43],0,1,"[13.0, 20.0, 24.0, 37.0, 43.0, 62.0, 88.0]","[5.0, 5.0]"
120,[ 2 24 45],62,[20 43 62],1,1,"[13.0, 20.0, 24.0, 37.0, 43.0, 62.0, 88.0]","[3.0, 3.0]"
121,[ 2  5  6  9 18 21 24 27 35 38 39 45],63,[ 4 24 33 37 67 81],0,1,"[4.0, 14.0, 20.0, 24.0, 28.0, 33.0, 37.0, 43.0, 63.0, 67.0, 74.0, 75.0, 81.0, 83.0]","[6.0, 12.0]"
122,[ 2  6  8  9 17 21 24 27 45 46],63,[20 24 67 83],1,1,"[4.0, 14.0, 20.0, 24.0, 28.0, 33.0, 37.0, 43.0, 63.0, 67.0, 74.0, 75.0, 81.0, 83.0]","[4.0, 10.0]"
123,[ 3  5  6  8 14 25 42],64,[29 37 39 81 84],0,1,"[8.0, 28.0, 29.0, 37.0, 39.0, 50.0, 64.0, 81.0, 84.0]","[5.0, 7.0]"
124,[ 6 21 38],64,[37],1,1,"[8.0, 28.0, 29.0, 37.0, 39.0, 50.0, 64.0, 81.0, 84.0]","[1.0, 3.0]"
125,[ 0 10 22 28 32 44],65,[ 7 42],0,1,"[7.0, 21.0, 31.0, 38.0, 42.0, 48.0, 65.0, 91.0]","[2.0, 6.0]"
126,[10 22 34],65,[38 65 91],1,1,"[7.0, 21.0, 31.0, 38.0, 42.0, 48.0, 65.0, 91.0]","[3.0, 3.0]"
127,[ 6 14 35 40],66,[18 22 46 86],1,1,"[18.0, 22.0, 46.0, 57.0, 66.0, 86.0]","[4.0, 4.0]"
128,[ 0  5  9 17 18 30 35],67,[14 19 47 48 95],0,1,"[4.0, 14.0, 19.0, 47.0, 48.0, 63.0, 67.0, 83.0, 95.0]","[5.0, 7.0]"
129,[ 0  5  8  9 14 30 35],67,[ 4 14 19 47 48 83 95],1,1,"[4.0, 14.0, 19.0, 47.0, 48.0, 63.0, 67.0, 83.0, 95.0]","[7.0, 7.0]"
130,[ 4 15 23 29 38 44],68,[ 1 46 57 94],0,1,"[1.0, 25.0, 32.0, 46.0, 57.0, 68.0, 82.0, 87.0, 94.0]","[4.0, 6.0]"
131,[ 1 11 19 20 23 29 33 40],68,[25 32 46 82],1,1,"[1.0, 25.0, 32.0, 46.0, 57.0, 68.0, 82.0, 87.0, 94.0]","[4.0, 8.0]"
132,[12 19 24 27 42],69,[15 25 53],0,1,"[14.0, 15.0, 25.0, 33.0, 45.0, 53.0, 54.0, 69.0, 90.0]","[3.0, 5.0]"
133,[ 3 19 27 31 36 40 42],69,[25 53 90],1,1,"[14.0, 15.0, 25.0, 33.0, 45.0, 53.0, 54.0, 69.0, 90.0]","[3.0, 7.0]"
134,[ 0  3 26 30 34 42 44 46],70,[ 4 27 29 34 55 56],0,1,"[4.0, 9.0, 24.0, 27.0, 29.0, 34.0, 37.0, 43.0, 55.0, 56.0, 59.0, 70.0]","[6.0, 8.0]"
135,[ 0  2  3  6 16 18 21 25 26 30 42 44],70,[ 4  9 27 29 34 37 43 55 56 70],1,1,"[4.0, 9.0, 24.0, 27.0, 29.0, 34.0, 37.0, 43.0, 55.0, 56.0, 59.0, 70.0]","[10.0, 12.0]"
136,[ 3 10 28 30 43 45],71,[13 31 49 71],0,1,"[10.0, 11.0, 13.0, 16.0, 31.0, 49.0, 71.0, 86.0]","[4.0, 6.0]"
137,[10 13 20 22 28 30 34 45],71,[11 13 31 86],1,1,"[10.0, 11.0, 13.0, 16.0, 31.0, 49.0, 71.0, 86.0]","[4.0, 8.0]"
138,[ 1  9 39 40],72,[ 0 46],0,1,"[0.0, 5.0, 19.0, 32.0, 46.0, 52.0, 57.0, 72.0, 89.0, 95.0]","[2.0, 4.0]"
139,[ 0  1 15 16 23 27 41],72,[ 5 19 32 52 72],1,1,"[0.0, 5.0, 19.0, 32.0, 46.0, 52.0, 57.0, 72.0, 89.0, 95.0]","[5.0, 7.0]"
140,[ 7 12 17 21 34 37 40 47],73,[ 3 12 25 38],0,1,"[3.0, 12.0, 15.0, 25.0, 26.0, 30.0, 38.0, 73.0, 88.0]","[4.0, 8.0]"
141,[12 13 16 19 34 47],73,[12 26 38 88],1,1,"[3.0, 12.0, 15.0, 25.0, 26.0, 30.0, 38.0, 73.0, 88.0]","[4.0, 6.0]"
142,[ 5  8 21 28 39 46],74,[50 63],0,1,"[8.0, 29.0, 33.0, 37.0, 48.0, 50.0, 63.0, 74.0, 81.0, 83.0]","[2.0, 6.0]"
143,[ 3  5  8  9 14 24 26 28 46],74,[ 8 33 48 50 74 81 83],1,1,"[8.0, 29.0, 33.0, 37.0, 48.0, 50.0, 63.0, 74.0, 81.0, 83.0]","[7.0, 9.0]"
144,[ 2 15 16 24 36 44],75,[14 59 75 89],0,1,"[14.0, 33.0, 43.0, 59.0, 63.0, 75.0, 89.0]","[4.0, 6.0]"
145,[ 5 15 21 27 35 44],75,[33 43 59 63 75 89],1,1,"[14.0, 33.0, 43.0, 59.0, 63.0, 75.0, 89.0]","[6.0, 6.0]"
146,[ 7 13 22 29 35 43],76,[ 8 36 49 52],0,1,"[8.0, 11.0, 30.0, 36.0, 49.0, 52.0, 60.0, 76.0, 82.0]","[4.0, 6.0]"
147,[ 6  7 16 20 33 40 41 43],76,[11 30 60 82],1,1,"[8.0, 11.0, 30.0, 36.0, 49.0, 52.0, 60.0, 76.0, 82.0]","[4.0, 8.0]"
148,[ 2 10 34 39],77,[22 24 81 85],0,1,"[7.0, 22.0, 24.0, 31.0, 35.0, 41.0, 50.0, 77.0, 81.0, 85.0, 93.0]","[4.0, 4.0]"
149,[ 8 10 19 29 32 34 43 47],77,[ 7 22 24 31 35 50 81 93],1,1,"[7.0, 22.0, 24.0, 31.0, 35.0, 41.0, 50.0, 77.0, 81.0, 85.0, 93.0]","[8.0, 8.0]"
150,[15 25 47],78,[23],0,1,"[12.0, 23.0, 53.0, 78.0, 92.0]","[1.0, 3.0]"
151,[ 2 22 23 28 45],79,[13 61 93],0,1,"[7.0, 12.0, 13.0, 35.0, 61.0, 79.0, 91.0, 93.0]","[3.0, 5.0]"
152,[ 2 12 23 28 32 45],79,[13 61 91 93],1,1,"[7.0, 12.0, 13.0, 35.0, 61.0, 79.0, 91.0, 93.0]","[4.0, 6.0]"
153,[12 24 40],80,[15],0,1,"[15.0, 30.0, 80.0]","[1.0, 3.0]"
154,[12 24 40],80,[15],1,1,"[15.0, 30.0, 80.0]","[1.0, 3.0]"
155,[ 5  8 18 29 34 45],81,[ 4 22 50 63 77 81],0,1,"[0.0, 4.0, 22.0, 24.0, 28.0, 37.0, 50.0, 56.0, 63.0, 64.0, 74.0, 77.0, 81.0]","[6.0, 6.0]"
156,[ 2  6  9 23 26 30 34 35 38 39 46],81,[ 0 22 24 28 50 56 63 64 74 77 81],1,1,"[0.0, 4.0, 22.0, 24.0, 28.0, 37.0, 50.0, 56.0, 63.0, 64.0, 74.0, 77.0, 81.0]","[11.0, 11.0]"
157,[ 1  3  7 11 14 20 23 29 33 40 41],82,[12 25 32 41 46 76 82],0,1,"[12.0, 15.0, 25.0, 32.0, 41.0, 46.0, 52.0, 60.0, 68.0, 76.0, 82.0]","[7.0, 11.0]"
158,[12 14 23 24 33 47],82,[15 32 41 82],1,1,"[12.0, 15.0, 25.0, 32.0, 41.0, 46.0, 52.0, 60.0, 68.0, 76.0, 82.0]","[4.0, 6.0]"
159,[ 5  9 15 21 26 27 46],83,[ 2 29 63 67 83],0,1,"[2.0, 4.0, 29.0, 34.0, 48.0, 63.0, 67.0, 74.0, 83.0]","[5.0, 7.0]"
160,[ 5 14 15 21 38 42 46],83,[ 2  4 34 63 83],1,1,"[2.0, 4.0, 29.0, 34.0, 48.0, 63.0, 67.0, 74.0, 83.0]","[5.0, 7.0]"
161,[11 24 35 36 42],84,[14 33 53],0,1,"[8.0, 14.0, 16.0, 28.0, 29.0, 33.0, 34.0, 36.0, 53.0, 64.0, 84.0]","[3.0, 5.0]"
162,[ 3  5  6 23 24 26 42],84,[ 8 28 33 64 84],1,1,"[8.0, 14.0, 16.0, 28.0, 29.0, 33.0, 34.0, 36.0, 53.0, 64.0, 84.0]","[5.0, 7.0]"
163,[13 19 36 44 45],85,[13 42 54],0,1,"[13.0, 22.0, 31.0, 35.0, 42.0, 54.0, 77.0, 85.0]","[3.0, 5.0]"
164,[ 0 10 13 22 34 36 43],85,[13 22 31 35 54 77 85],1,1,"[13.0, 22.0, 31.0, 35.0, 42.0, 54.0, 77.0, 85.0]","[7.0, 7.0]"
165,[13 30 43],86,[71],0,1,"[11.0, 18.0, 22.0, 37.0, 56.0, 66.0, 71.0, 86.0]","[1.0, 3.0]"
166,[20 21 29 31 35 43],86,[11 18 22 37 56 66],1,1,"[11.0, 18.0, 22.0, 37.0, 56.0, 66.0, 71.0, 86.0]","[6.0, 6.0]"
167,[19 22 35 36],87,[17 87],0,1,"[17.0, 25.0, 54.0, 68.0, 87.0]","[2.0, 4.0]"
168,[11 22 35 36 40],87,[17 25 87],1,1,"[17.0, 25.0, 54.0, 68.0, 87.0]","[3.0, 5.0]"
169,[ 6 12 13 16 19 22 37],88,[13 62 73],0,1,"[5.0, 13.0, 30.0, 36.0, 51.0, 62.0, 73.0, 88.0]","[3.0, 7.0]"
170,[ 6 26 33 37 45],88,[ 5 51 62],1,1,"[5.0, 13.0, 30.0, 36.0, 51.0, 62.0, 73.0, 88.0]","[3.0, 5.0]"
171,[ 4 15 29 31 33 40 43 44],89,[44 57 72 89],0,1,"[1.0, 14.0, 19.0, 44.0, 57.0, 72.0, 75.0, 89.0]","[4.0, 8.0]"
172,[ 4  5 15 16 27 29 33 43 44],89,[44 72 75],1,1,"[1.0, 14.0, 19.0, 44.0, 57.0, 72.0, 75.0, 89.0]","[3.0, 9.0]"
173,[ 3 11 22 24 36 44],90,[ 1 17 69 90],0,1,"[1.0, 17.0, 27.0, 45.0, 49.0, 69.0, 90.0]","[4.0, 6.0]"
174,[18 22],90,[ 1 17 27 90],1,1,"[1.0, 17.0, 27.0, 45.0, 49.0, 69.0, 90.0]","[4.0, 2.0]"
175,[ 0  4 10 12 17 20 32 33 36 47],91,[17 60 65 79],0,1,"[7.0, 17.0, 21.0, 38.0, 42.0, 58.0, 60.0, 65.0, 79.0, 91.0]","[4.0, 10.0]"
176,[ 4 10 12 17 22 25 32],91,[58 65 91],1,1,"[7.0, 17.0, 21.0, 38.0, 42.0, 58.0, 60.0, 65.0, 79.0, 91.0]","[3.0, 7.0]"
177,[ 4  7 27 31 32 42],92,[44 45 78 92],0,1,"[39.0, 44.0, 45.0, 49.0, 53.0, 58.0, 78.0, 92.0]","[4.0, 6.0]"
178,[ 4  7 11 22 25 31 32 39 43],92,[39 44 45 49 53 78 92],1,1,"[39.0, 44.0, 45.0, 49.0, 53.0, 58.0, 78.0, 92.0]","[7.0, 9.0]"
179,[15 22 32 34 47],93,[ 7  9 23 79 93],0,1,"[7.0, 9.0, 23.0, 24.0, 40.0, 41.0, 77.0, 79.0, 93.0]","[5.0, 5.0]"
180,[ 2 25 34],93,[9],1,1,"[7.0, 9.0, 23.0, 24.0, 40.0, 41.0, 77.0, 79.0, 93.0]","[1.0, 3.0]"
181,[ 7 30 33 35 37 38 41],94,[ 6 18 29 32 51],0,1,"[5.0, 6.0, 18.0, 29.0, 32.0, 46.0, 51.0, 56.0, 68.0, 94.0]","[5.0, 7.0]"
182,[ 1  4  7  8 26 30 33 35 37 38 40 41],94,[ 6 18 32 51 68 94],1,1,"[5.0, 6.0, 18.0, 29.0, 32.0, 46.0, 51.0, 56.0, 68.0, 94.0]","[6.0, 12.0]"
183,[ 0  9 14 18 33],95,[ 4 19 67],0,1,"[0.0, 4.0, 19.0, 21.0, 55.0, 60.0, 67.0, 72.0, 95.0]","[3.0, 5.0]"
184,[12 14 18 29 32 33 39 46],95,[ 0  4 21 60],1,1,"[0.0, 4.0, 19.0, 21.0, 55.0, 60.0, 67.0, 72.0, 95.0]","[4.0, 8.0]"
185,[14 29 34],0,[22],0,2,"[0.0, 22.0, 72.0, 81.0, 95.0]","[1.0, 3.0]"
186,[18 21 33 34],0,[ 0 22 81 95],1,2,"[0.0, 22.0, 72.0, 81.0, 95.0]","[4.0, 4.0]"
187,[11 15 25 31 43 44],1,[44 45 58 89],0,2,"[1.0, 17.0, 27.0, 42.0, 44.0, 45.0, 57.0, 58.0, 68.0, 89.0, 90.0]","[4.0, 6.0]"
188,[10 11 32 36],1,[ 1 17 42 45],1,2,"[1.0, 17.0, 27.0, 42.0, 44.0, 45.0, 57.0, 58.0, 68.0, 89.0, 90.0]","[4.0, 4.0]"
189,[ 7 17 37],2,[26],0,2,"[2.0, 26.0, 29.0, 40.0, 83.0]","[1.0, 3.0]"
190,[ 8 17 46],2,[83],1,2,"[2.0, 26.0, 29.0, 40.0, 83.0]","[1.0, 3.0]"
191,[11 12 37 40],3,[25 73],0,2,"[3.0, 25.0, 73.0]","[2.0, 4.0]"
192,[19 21 37 40],3,[ 3 25],1,2,"[3.0, 25.0, 73.0]","[2.0, 4.0]"
193,[ 8  9 18 21 27 29 34 39 42 46],4,[22 34 67 81],0,2,"[4.0, 22.0, 34.0, 43.0, 55.0, 56.0, 63.0, 67.0, 70.0, 81.0, 83.0, 95.0]","[4.0, 10.0]"
194,[ 2  5  8  9 14 16 17 18 21 29 33 34 46],4,[22 43 63 83 95],1,2,"[4.0, 22.0, 34.0, 43.0, 55.0, 56.0, 63.0, 67.0, 70.0, 81.0, 83.0, 95.0]","[5.0, 13.0]"
195,[ 1 12 13 20 37],5,[ 5 60 88],0,2,"[5.0, 30.0, 32.0, 46.0, 51.0, 60.0, 72.0, 88.0, 94.0]","[3.0, 5.0]"
196,[ 1 13 16 20 26 29 40 41],5,[ 5 30 46 51 60 88],1,2,"[5.0, 30.0, 32.0, 46.0, 51.0, 60.0, 72.0, 88.0, 94.0]","[6.0, 8.0]"
197,[ 1  8 13 23 41],6,[29 36 94],0,2,"[6.0, 28.0, 29.0, 32.0, 36.0, 50.0, 52.0, 61.0, 94.0]","[3.0, 5.0]"
198,[26 28 38 39],6,[29 50],1,2,"[6.0, 28.0, 29.0, 32.0, 36.0, 50.0, 52.0, 61.0, 94.0]","[2.0, 4.0]"
199,[ 0  2 14 19 47],7,[35 77 93],0,2,"[7.0, 31.0, 35.0, 65.0, 77.0, 79.0, 91.0, 93.0]","[3.0, 5.0]"
200,[ 0  2 12 14 22 28 45 47],7,[ 7 77 91 93],1,2,"[7.0, 31.0, 35.0, 65.0, 77.0, 79.0, 91.0, 93.0]","[4.0, 8.0]"
201,[ 1  3  5  8 13 25 26 30 35 38 39 41 42],8,[18 29 36 39 84],0,2,"[8.0, 18.0, 29.0, 33.0, 36.0, 39.0, 51.0, 64.0, 74.0, 76.0, 84.0]","[5.0, 13.0]"
202,[ 3  5  8 13 20 21 24 26],8,[33 36 74 76],1,2,"[8.0, 18.0, 29.0, 33.0, 36.0, 39.0, 51.0, 64.0, 74.0, 76.0, 84.0]","[4.0, 8.0]"
203,[ 2 18 38],9,[70],0,2,"[9.0, 23.0, 55.0, 70.0, 93.0]","[1.0, 3.0]"
204,[ 0 18 34],9,[55],1,2,"[9.0, 23.0, 55.0, 70.0, 93.0]","[1.0, 3.0]"
205,[ 9 10 13 19 43],10,[47 54 71],0,2,"[10.0, 16.0, 31.0, 47.0, 54.0, 71.0]","[3.0, 5.0]"
206,[10 13 28 30],10,[31 71],1,2,"[10.0, 16.0, 31.0, 47.0, 54.0, 71.0]","[2.0, 4.0]"
207,[ 6 13 34 43],11,[71 86],0,2,"[11.0, 49.0, 71.0, 76.0, 86.0]","[2.0, 4.0]"
208,[ 3  6 13 20 34 41 43],11,[71 76 86],1,2,"[11.0, 49.0, 71.0, 76.0, 86.0]","[3.0, 7.0]"
209,[11 14 20 23 33 40],12,[12 25 32 41],0,2,"[12.0, 23.0, 25.0, 26.0, 32.0, 35.0, 41.0, 61.0, 73.0, 78.0, 79.0, 82.0]","[4.0, 6.0]"
210,[ 0 13 14 15 20 22 23 25],12,[23 41 61 79],1,2,"[12.0, 23.0, 25.0, 26.0, 32.0, 35.0, 41.0, 61.0, 73.0, 78.0, 79.0, 82.0]","[4.0, 8.0]"
211,[ 3 13 16 19 22 23 37 43],13,[13 35 49 61 79 88],0,2,"[13.0, 35.0, 42.0, 49.0, 61.0, 62.0, 71.0, 79.0, 85.0, 88.0]","[6.0, 8.0]"
212,[ 0  3 13 16 19 29 37 43 44],13,[35 42 49 85 88],1,2,"[13.0, 35.0, 42.0, 49.0, 61.0, 62.0, 71.0, 79.0, 85.0, 88.0]","[5.0, 9.0]"
213,[11 15 16 21 26 30 35 42],14,[33 47 63 67 69 75 84 89],0,2,"[14.0, 17.0, 33.0, 44.0, 47.0, 53.0, 63.0, 67.0, 69.0, 75.0, 84.0, 89.0]","[8.0, 8.0]"
214,[ 9 11 16 24 26 30 35 44],14,[14 33 47 53 75 84],1,2,"[14.0, 17.0, 33.0, 44.0, 47.0, 53.0, 63.0, 67.0, 69.0, 75.0, 84.0, 89.0]","[6.0, 8.0]"
215,[ 7 16 33 40 41],15,[30 60 82],0,2,"[15.0, 25.0, 30.0, 60.0, 69.0, 73.0, 80.0, 82.0]","[3.0, 5.0]"
216,[ 0 11 16 24 37 40],15,[25 30 73 80],1,2,"[15.0, 25.0, 30.0, 60.0, 69.0, 73.0, 80.0, 82.0]","[4.0, 6.0]"
217,[26 30 41 43],16,[36 71],0,2,"[10.0, 16.0, 36.0, 45.0, 53.0, 71.0, 84.0]","[2.0, 4.0]"
218,[ 5 13 27 31 32 41],16,[36 45 53 84],1,2,"[10.0, 16.0, 36.0, 45.0, 53.0, 71.0, 84.0]","[4.0, 6.0]"
219,[19 22 36 44],17,[42 54],0,2,"[1.0, 14.0, 17.0, 42.0, 44.0, 49.0, 54.0, 58.0, 87.0, 90.0, 91.0]","[2.0, 4.0]"
220,[ 3  4  5 27 35 43 44],17,[14 42 49 54 87],1,2,"[1.0, 14.0, 17.0, 42.0, 44.0, 49.0, 54.0, 58.0, 87.0, 90.0, 91.0]","[5.0, 7.0]"
221,[ 6  9 14 17 34 35 38],18,[48 56 86],0,2,"[8.0, 18.0, 47.0, 48.0, 51.0, 56.0, 66.0, 86.0, 94.0]","[3.0, 7.0]"
222,[ 6  9 17 31],18,[18 48 66 86],1,2,"[8.0, 18.0, 47.0, 48.0, 51.0, 56.0, 66.0, 86.0, 94.0]","[4.0, 4.0]"
223,[ 0  9 18 29 33 34 44 46],19,[55 67 72 89],0,2,"[19.0, 55.0, 67.0, 72.0, 89.0, 95.0]","[4.0, 8.0]"
224,[ 0 27 33],19,[19],1,2,"[19.0, 55.0, 67.0, 72.0, 89.0, 95.0]","[1.0, 3.0]"
225,[ 5  6 16 24 35 44],20,[20 33 43 59],0,2,"[20.0, 33.0, 37.0, 43.0, 59.0, 62.0, 63.0]","[4.0, 6.0]"
226,[ 5  6 21 24 35 38 44 45],20,[20 33 37 43 59 62],1,2,"[20.0, 33.0, 37.0, 43.0, 59.0, 62.0, 63.0]","[6.0, 8.0]"
227,[ 9 12 17 22 32 35],21,[48 91],0,2,"[21.0, 48.0, 60.0, 65.0, 91.0, 95.0]","[2.0, 6.0]"
228,[10 12 18 20 32 35],21,[48 60 65 95],1,2,"[21.0, 48.0, 60.0, 65.0, 91.0, 95.0]","[4.0, 6.0]"
229,[ 0  9 10 21 29 30 38 45 46],22,[ 0  4 22 55 56 81 85],0,2,"[0.0, 4.0, 22.0, 46.0, 55.0, 56.0, 66.0, 77.0, 81.0, 85.0, 86.0]","[7.0, 9.0]"
230,[ 1  6  9 10 21 28 30 31],22,[ 0 66 77 81 85 86],1,2,"[0.0, 4.0, 22.0, 46.0, 55.0, 56.0, 66.0, 77.0, 81.0, 85.0, 86.0]","[6.0, 8.0]"
231,[ 2 25 37],23,[23 40 93],0,2,"[9.0, 12.0, 23.0, 40.0, 78.0, 93.0]","[3.0, 3.0]"
232,[ 2  7 19 28],23,[12 93],1,2,"[9.0, 12.0, 23.0, 40.0, 78.0, 93.0]","[2.0, 4.0]"
233,[ 5 21 46],24,[63],0,2,"[24.0, 37.0, 43.0, 62.0, 63.0, 70.0, 77.0, 81.0, 93.0]","[1.0, 3.0]"
234,[ 6 14 18 21 39 45],24,[24 37 70 81],1,2,"[24.0, 37.0, 43.0, 62.0, 63.0, 70.0, 77.0, 81.0, 93.0]","[4.0, 6.0]"
235,[12 23 35 37 40],25,[68 73 87],0,2,"[3.0, 12.0, 15.0, 25.0, 45.0, 54.0, 57.0, 68.0, 69.0, 73.0, 82.0, 87.0]","[3.0, 5.0]"
236,[ 4  7 11 21 24 31 32 35 36 37 47],25,[ 3 12 45 69 87],1,2,"[3.0, 12.0, 15.0, 25.0, 45.0, 54.0, 57.0, 68.0, 69.0, 73.0, 82.0, 87.0]","[5.0, 11.0]"
237,[12 15 19 28],26,[40 73],0,2,"[2.0, 12.0, 26.0, 38.0, 40.0, 73.0]","[2.0, 4.0]"
238,[12 17 34],26,[38],1,2,"[2.0, 12.0, 26.0, 38.0, 40.0, 73.0]","[1.0, 3.0]"
239,[10 18 43],27,[27 42 49],0,2,"[1.0, 27.0, 42.0, 49.0, 59.0, 70.0, 90.0]","[3.0, 3.0]"
240,[18 22 43 44],27,[27 49],1,2,"[1.0, 27.0, 42.0, 49.0, 59.0, 70.0, 90.0]","[2.0, 4.0]"
241,[ 5  6 26 28 39 41],28,[ 6 28 50 64],0,2,"[6.0, 28.0, 50.0, 63.0, 64.0, 81.0, 84.0]","[4.0, 6.0]"
242,[ 6 14 26 28 41 46],28,[ 6 28 50 63 64 81],1,2,"[6.0, 28.0, 50.0, 63.0, 64.0, 81.0, 84.0]","[6.0, 6.0]"
243,[ 2  3  5  8 13 28 35 39 41],29,[ 8 29 34 36 50 70 84],0,2,"[2.0, 6.0, 8.0, 29.0, 34.0, 36.0, 37.0, 50.0, 51.0, 64.0, 70.0, 74.0, 83.0, 84.0, 94.0]","[7.0, 9.0]"
244,[ 1 13 18 23 37 42],29,[ 6 34 36 51],1,2,"[2.0, 6.0, 8.0, 29.0, 34.0, 36.0, 37.0, 50.0, 51.0, 64.0, 70.0, 74.0, 83.0, 84.0, 94.0]","[4.0, 6.0]"
245,[ 0 19 24 26 41],30,[30 36 73 80 88],0,2,"[5.0, 15.0, 30.0, 36.0, 60.0, 73.0, 76.0, 80.0, 88.0]","[5.0, 5.0]"
246,[13 19 20 26 33 37 41],30,[36 60 73],1,2,"[5.0, 15.0, 30.0, 36.0, 60.0, 73.0, 76.0, 80.0, 88.0]","[3.0, 7.0]"
247,[ 0 10 13 14 29 30 32 43],31,[ 7 71 77 85],0,2,"[7.0, 10.0, 31.0, 42.0, 49.0, 65.0, 71.0, 77.0, 85.0]","[4.0, 8.0]"
248,[13 29 42 43 45],31,[10 71 85],1,2,"[7.0, 10.0, 31.0, 42.0, 49.0, 65.0, 71.0, 77.0, 85.0]","[3.0, 5.0]"
249,[ 1 29 33 38 41],32,[32 52 94],0,2,"[5.0, 6.0, 12.0, 32.0, 52.0, 60.0, 61.0, 68.0, 72.0, 82.0, 94.0]","[3.0, 5.0]"
250,[ 4  7 12 19 20 23 33 40 47],32,[12 60 68],1,2,"[5.0, 6.0, 12.0, 32.0, 52.0, 60.0, 61.0, 68.0, 72.0, 82.0, 94.0]","[3.0, 9.0]"
251,[ 5  6 16 24 44 46],33,[20 75],0,2,"[8.0, 14.0, 20.0, 33.0, 59.0, 63.0, 69.0, 74.0, 75.0, 84.0]","[2.0, 6.0]"
252,[ 8 11 16 21 24 27 35 44],33,[14 69 74 75],1,2,"[8.0, 14.0, 20.0, 33.0, 59.0, 63.0, 69.0, 74.0, 75.0, 84.0]","[4.0, 8.0]"
253,[ 5  8 38 42],34,[29 84],0,2,"[4.0, 29.0, 34.0, 70.0, 83.0, 84.0]","[2.0, 4.0]"
254,[ 2  5  8 14 17 18],34,[ 4 29 34 70 83 84],1,2,"[4.0, 29.0, 34.0, 70.0, 83.0, 84.0]","[6.0, 6.0]"
255,[ 7 13 14 28 45],35,[12 13 35 77 79],0,2,"[7.0, 12.0, 13.0, 35.0, 54.0, 77.0, 79.0, 85.0]","[5.0, 5.0]"
256,[ 0  7 10 13 22 29 45 47],35,[12 13 35 85],1,2,"[7.0, 12.0, 13.0, 35.0, 54.0, 77.0, 79.0, 85.0]","[4.0, 8.0]"
257,[ 1  5  8 20 35 37 38 41 42],36,[ 8 29 51 76 84],0,2,"[6.0, 8.0, 16.0, 29.0, 30.0, 36.0, 51.0, 61.0, 76.0, 84.0, 88.0]","[5.0, 9.0]"
258,[ 1  8 12 16 37 38 41],36,[29 30 51],1,2,"[6.0, 8.0, 16.0, 29.0, 30.0, 36.0, 51.0, 61.0, 76.0, 84.0, 88.0]","[3.0, 7.0]"
259,[ 2  5  6 14 16 21 34 46],37,[24 37 56 62 63 86],0,2,"[20.0, 24.0, 29.0, 37.0, 56.0, 62.0, 63.0, 64.0, 70.0, 74.0, 81.0, 86.0]","[6.0, 8.0]"
260,[ 8 16 24 30 38 45 46],37,[20 29 37 56 62 64 81],1,2,"[20.0, 24.0, 29.0, 37.0, 56.0, 62.0, 63.0, 64.0, 70.0, 74.0, 81.0, 86.0]","[7.0, 7.0]"
261,[ 7 22 32 34 37],38,[26 38 91],0,2,"[26.0, 38.0, 65.0, 73.0, 91.0]","[3.0, 5.0]"
262,[10 12 17 22],38,[65 91],1,2,"[26.0, 38.0, 65.0, 73.0, 91.0]","[2.0, 4.0]"
263,[11 25 43],39,[92],0,2,"[8.0, 39.0, 49.0, 64.0, 92.0]","[1.0, 3.0]"
264,[ 6 11 25 26 39 43],39,[64 92],1,2,"[8.0, 39.0, 49.0, 64.0, 92.0]","[2.0, 6.0]"
265,[ 7 15 17 28],40,[26 40],0,2,"[2.0, 23.0, 26.0, 40.0, 93.0]","[2.0, 4.0]"
266,[15 17 38],40,[2],1,2,"[2.0, 23.0, 26.0, 40.0, 93.0]","[1.0, 3.0]"
267,[14 19 40],41,[12 41 82],0,2,"[12.0, 41.0, 77.0, 82.0, 93.0]","[3.0, 3.0]"
268,[ 7 19 20 28 45],41,[12 41 77],1,2,"[12.0, 41.0, 77.0, 82.0, 93.0]","[3.0, 5.0]"
269,[ 4 10 13 19 22 28 43 44 45],42,[13 17 31 42 54],0,2,"[1.0, 13.0, 17.0, 27.0, 31.0, 42.0, 49.0, 54.0, 65.0, 85.0, 91.0]","[5.0, 9.0]"
270,[ 3  4 10 13 19 22 43 45],42,[13 17 49 54],1,2,"[1.0, 13.0, 17.0, 27.0, 31.0, 42.0, 49.0, 54.0, 65.0, 85.0, 91.0]","[4.0, 8.0]"
271,[ 2  5  6 18 21 24 38],43,[20 63 70],0,2,"[4.0, 20.0, 24.0, 43.0, 59.0, 62.0, 63.0, 70.0, 75.0]","[3.0, 7.0]"
272,[ 2 14 18 24 45 46],43,[ 4 24 43 59 63 75],1,2,"[4.0, 20.0, 24.0, 43.0, 59.0, 62.0, 63.0, 70.0, 75.0]","[6.0, 6.0]"
273,[ 4  5 15 27 36 43 44],44,[14 44 89],0,2,"[1.0, 14.0, 17.0, 44.0, 49.0, 53.0, 58.0, 89.0, 92.0]","[3.0, 7.0]"
274,[11 25 43],44,[92],1,2,"[1.0, 14.0, 17.0, 44.0, 49.0, 53.0, 58.0, 89.0, 92.0]","[1.0, 3.0]"
275,[ 3  4 11 13 15 31 32 36 40 42 43],45,[16 57 58 90 92],0,2,"[1.0, 16.0, 25.0, 45.0, 53.0, 57.0, 58.0, 69.0, 90.0, 92.0]","[5.0, 11.0]"
276,[ 3  4 11 15 24 25 27 31 40 42],45,[45 53 57 58 69 90],1,2,"[1.0, 16.0, 25.0, 45.0, 53.0, 57.0, 58.0, 69.0, 90.0, 92.0]","[6.0, 10.0]"
277,[ 1 14 15 16 23 29 34 38 40],46,[ 5 22 46 72 94],0,2,"[5.0, 22.0, 46.0, 52.0, 57.0, 66.0, 68.0, 72.0, 82.0, 94.0]","[5.0, 9.0]"
278,[ 1  4  7 14 20 29 33 38],46,[22 46 57 66 68 72 82 94],1,2,"[5.0, 22.0, 46.0, 52.0, 57.0, 66.0, 68.0, 72.0, 82.0, 94.0]","[8.0, 8.0]"
279,[ 1  5  9 17 19 30 36 42 46],47,[10 14 18 47 48 54 67],0,2,"[10.0, 14.0, 18.0, 47.0, 48.0, 54.0, 67.0]","[7.0, 9.0]"
280,[ 1  5  9 10 17 19 27 30],47,[14 18 48 54],1,2,"[10.0, 14.0, 18.0, 47.0, 48.0, 54.0, 67.0]","[4.0, 8.0]"
281,[ 1 10 17 20 27 30 35 46],48,[18 21 65 67],0,2,"[18.0, 21.0, 47.0, 48.0, 65.0, 67.0, 74.0, 83.0]","[4.0, 8.0]"
282,[ 9 17 20 30 32 35 36],48,[21 47 48],1,2,"[18.0, 21.0, 47.0, 48.0, 65.0, 67.0, 74.0, 83.0]","[3.0, 7.0]"
283,[ 6 11 25 27 36 41],49,[11 17 44 49 76 92],0,2,"[11.0, 13.0, 17.0, 27.0, 31.0, 39.0, 42.0, 44.0, 49.0, 71.0, 76.0, 90.0, 92.0]","[6.0, 6.0]"
284,[ 3 11 18 25 27 28 36 43],49,[17 27 31 42 44 92],1,2,"[11.0, 13.0, 17.0, 27.0, 31.0, 39.0, 42.0, 44.0, 49.0, 71.0, 76.0, 90.0, 92.0]","[6.0, 8.0]"
285,[ 5  6  8 14 38 39 41 45],50,[ 6 28 29 50 64 77],0,2,"[6.0, 28.0, 29.0, 50.0, 64.0, 74.0, 77.0, 81.0]","[6.0, 8.0]"
286,[ 5  8 23 28 35 45],50,[28 74 77 81],1,2,"[6.0, 28.0, 29.0, 50.0, 64.0, 74.0, 77.0, 81.0]","[4.0, 6.0]"
287,[16 26 37 41],51,[36 88],0,2,"[5.0, 8.0, 18.0, 29.0, 36.0, 51.0, 88.0, 94.0]","[2.0, 4.0]"
288,[16 23 26 30 33 35 37 38],51,[ 5 18 51 94],1,2,"[5.0, 8.0, 18.0, 29.0, 36.0, 51.0, 88.0, 94.0]","[4.0, 8.0]"
289,[ 1  7 23 29 33 40],52,[32 46],0,2,"[6.0, 32.0, 46.0, 52.0, 72.0, 76.0, 82.0]","[2.0, 6.0]"
290,[ 7  8 23 29],52,[ 6 52],1,2,"[6.0, 32.0, 46.0, 52.0, 72.0, 76.0, 82.0]","[2.0, 4.0]"
291,[11 13 32 42],53,[16 45],0,2,"[14.0, 16.0, 44.0, 45.0, 53.0, 69.0, 78.0, 84.0, 92.0]","[2.0, 4.0]"
292,[ 4  5 13 24 25 26 27 31 36],53,[16 44 69 84 92],1,2,"[14.0, 16.0, 44.0, 45.0, 53.0, 69.0, 78.0, 84.0, 92.0]","[5.0, 9.0]"
293,[ 0  4 10 11 19 29 40 44],54,[17 25 35 42 54 85],0,2,"[10.0, 17.0, 25.0, 35.0, 42.0, 47.0, 54.0, 69.0, 85.0, 87.0]","[6.0, 8.0]"
294,[ 4 10 11 30 40 42 44],54,[10 17 25 42 54],1,2,"[10.0, 17.0, 25.0, 35.0, 42.0, 47.0, 54.0, 69.0, 85.0, 87.0]","[5.0, 7.0]"
295,[ 0  2 18 25],55,[ 9 55],0,2,"[4.0, 9.0, 19.0, 22.0, 55.0, 70.0, 95.0]","[2.0, 4.0]"
296,[ 0  9 18 29 33 46],55,[ 4 22 55 95],1,2,"[4.0, 9.0, 19.0, 22.0, 55.0, 70.0, 95.0]","[4.0, 6.0]"
297,[ 1  2  6 18 21 23 29 30 39],56,[22 70 81 86 94],0,2,"[4.0, 18.0, 22.0, 37.0, 56.0, 70.0, 81.0, 86.0, 94.0]","[5.0, 9.0]"
298,[ 2  6 14 18 21 29 34],56,[22 37 70],1,2,"[4.0, 18.0, 22.0, 37.0, 56.0, 70.0, 81.0, 86.0, 94.0]","[3.0, 7.0]"
299,[19 23 27 29 32 34],57,[ 1 25 45 46 57 66 68 89],0,2,"[1.0, 25.0, 45.0, 46.0, 57.0, 66.0, 68.0, 72.0, 89.0]","[8.0, 6.0]"
300,[15 19 23 27 32 33 34],57,[ 1 25 45 46 57 66 68 72 89],1,2,"[1.0, 25.0, 45.0, 46.0, 57.0, 66.0, 68.0, 72.0, 89.0]","[9.0, 7.0]"
301,[ 4 11 12 22 43],58,[58 91 92],0,2,"[1.0, 17.0, 44.0, 45.0, 58.0, 91.0, 92.0]","[3.0, 5.0]"
302,[12 22 32],58,[91],1,2,"[1.0, 17.0, 44.0, 45.0, 58.0, 91.0, 92.0]","[1.0, 3.0]"
303,[ 3  5 16 24 38 44],59,[27 59 70 75],0,2,"[20.0, 27.0, 33.0, 43.0, 59.0, 70.0, 75.0]","[4.0, 6.0]"
304,[ 3  6 16 18],59,[20 27 43 59],1,2,"[20.0, 27.0, 33.0, 43.0, 59.0, 70.0, 75.0]","[4.0, 4.0]"
305,[ 7  9 12 23 32],60,[21 32 60],0,2,"[5.0, 15.0, 21.0, 30.0, 32.0, 60.0, 76.0, 82.0, 91.0, 95.0]","[3.0, 5.0]"
306,[ 7 12 16 23 33 41],60,[30 32],1,2,"[5.0, 15.0, 21.0, 30.0, 32.0, 60.0, 76.0, 82.0, 91.0, 95.0]","[2.0, 6.0]"
307,[ 7  8 13 26 33],61,[ 6 32 36],0,2,"[6.0, 12.0, 13.0, 32.0, 36.0, 61.0, 79.0]","[3.0, 5.0]"
308,[ 8 19 22 26 33 45 47],61,[ 6 12 13 32 36],1,2,"[6.0, 12.0, 13.0, 32.0, 36.0, 61.0, 79.0]","[5.0, 7.0]"
309,[ 2 21 22 24 37 45 46],62,[13 20 24 62 88],0,2,"[13.0, 20.0, 24.0, 37.0, 43.0, 62.0, 88.0]","[5.0, 7.0]"
310,[ 6 16 21 24 45],62,[20 24 43],1,2,"[13.0, 20.0, 24.0, 37.0, 43.0, 62.0, 88.0]","[3.0, 5.0]"
311,[14 18 23 24 35 39 44 45 46],63,[ 4 24 28 33 43 63 75],0,2,"[4.0, 14.0, 20.0, 24.0, 28.0, 33.0, 37.0, 43.0, 63.0, 67.0, 74.0, 75.0, 81.0, 83.0]","[7.0, 9.0]"
312,[ 2  9 16 18 21 24 35 36 39 44 45 46],63,[ 4 14 24 33 63 67 75 81],1,2,"[4.0, 14.0, 20.0, 24.0, 28.0, 33.0, 37.0, 43.0, 63.0, 67.0, 74.0, 75.0, 81.0, 83.0]","[8.0, 12.0]"
313,[ 5  6  8 21 23 28 38],64,[28 37 50],0,2,"[8.0, 28.0, 29.0, 37.0, 39.0, 50.0, 64.0, 81.0, 84.0]","[3.0, 7.0]"
314,[14 21 26 28 38],64,[29 50 81],1,2,"[8.0, 28.0, 29.0, 37.0, 39.0, 50.0, 64.0, 81.0, 84.0]","[3.0, 5.0]"
315,[ 0  9 10 20 43],65,[ 7 21 31],0,2,"[7.0, 21.0, 31.0, 38.0, 42.0, 48.0, 65.0, 91.0]","[3.0, 5.0]"
316,[10 28 34 43 44],65,[31 38 42 65 91],1,2,"[7.0, 21.0, 31.0, 38.0, 42.0, 48.0, 65.0, 91.0]","[5.0, 5.0]"
317,[ 1  6 14 15 30 31],66,[22 46 57 86],1,2,"[18.0, 22.0, 46.0, 57.0, 66.0, 86.0]","[4.0, 6.0]"
318,[ 5  8 17 18 33 36],67,[14 67 83 95],0,2,"[4.0, 14.0, 19.0, 47.0, 48.0, 63.0, 67.0, 83.0, 95.0]","[4.0, 6.0]"
319,[ 0  5 14 18 27 30 33],67,[ 4 14 19 47 67],1,2,"[4.0, 14.0, 19.0, 47.0, 48.0, 63.0, 67.0, 83.0, 95.0]","[5.0, 7.0]"
320,[ 4 15 40 44],68,[ 1 57],1,2,"[1.0, 25.0, 32.0, 46.0, 57.0, 68.0, 82.0, 87.0, 94.0]","[2.0, 4.0]"
321,[10 11 12 19 24 31 32 36 40],69,[15 45 54],0,2,"[14.0, 15.0, 25.0, 33.0, 45.0, 53.0, 54.0, 69.0, 90.0]","[3.0, 9.0]"
322,[ 3  5 32 42],69,[14 45 53 90],1,2,"[14.0, 15.0, 25.0, 33.0, 45.0, 53.0, 54.0, 69.0, 90.0]","[4.0, 4.0]"
323,[ 0  2  3 14 18 21 25 30 44 45],70,[ 9 24 27 55 56 70],0,2,"[4.0, 9.0, 24.0, 27.0, 29.0, 34.0, 37.0, 43.0, 55.0, 56.0, 59.0, 70.0]","[6.0, 10.0]"
324,[ 3  8 16 18 21 25 26 30 34 38 44 45],70,[ 4  9 24 27 29 43 56 70],1,2,"[4.0, 9.0, 24.0, 27.0, 29.0, 34.0, 37.0, 43.0, 55.0, 56.0, 59.0, 70.0]","[8.0, 12.0]"
325,[ 3 13 22 31 42 43],71,[16 49],0,2,"[10.0, 11.0, 13.0, 16.0, 31.0, 49.0, 71.0, 86.0]","[2.0, 6.0]"
326,[ 3  6 10 20 22 30 42],71,[10 11 49],1,2,"[10.0, 11.0, 13.0, 16.0, 31.0, 49.0, 71.0, 86.0]","[3.0, 7.0]"
327,[ 0 15 16 18 27 29 39 40],72,[ 0  5 19 46 72 95],0,2,"[0.0, 5.0, 19.0, 32.0, 46.0, 52.0, 57.0, 72.0, 89.0, 95.0]","[6.0, 8.0]"
328,[ 1  7  9 15 16 18 27 29 41 44],72,[ 5 52 89 95],1,2,"[0.0, 5.0, 19.0, 32.0, 46.0, 52.0, 57.0, 72.0, 89.0, 95.0]","[4.0, 10.0]"
329,[11 12 37 40],73,[25 73],0,2,"[3.0, 12.0, 15.0, 25.0, 26.0, 30.0, 38.0, 73.0, 88.0]","[2.0, 4.0]"
330,[ 7 11 12 13 21 24 37 40 41 47],73,[ 3 12 15 30 73 88],1,2,"[3.0, 12.0, 15.0, 25.0, 26.0, 30.0, 38.0, 73.0, 88.0]","[6.0, 10.0]"
331,[ 3  6  8 14 21 26 38 39],74,[ 8 37 74 81],0,2,"[8.0, 29.0, 33.0, 37.0, 48.0, 50.0, 63.0, 74.0, 81.0, 83.0]","[4.0, 8.0]"
332,[ 8 17 46],74,[83],1,2,"[8.0, 29.0, 33.0, 37.0, 48.0, 50.0, 63.0, 74.0, 81.0, 83.0]","[1.0, 3.0]"
333,[ 2  5 15 16 35 36 44],75,[14 33 59 75 89],0,2,"[14.0, 33.0, 43.0, 59.0, 63.0, 75.0, 89.0]","[5.0, 7.0]"
334,[15 16 21 24 35 36 46],75,[14 33 63 75 89],1,2,"[14.0, 33.0, 43.0, 59.0, 63.0, 75.0, 89.0]","[5.0, 7.0]"
335,[ 3 12 13 20 22 29 33 35 40 41 43],76,[ 8 36 49 52 60 76 82],0,2,"[8.0, 11.0, 30.0, 36.0, 49.0, 52.0, 60.0, 76.0, 82.0]","[7.0, 11.0]"
336,[ 3 13 16 26 33 41],76,[30 36 60 76],1,2,"[8.0, 11.0, 30.0, 36.0, 49.0, 52.0, 60.0, 76.0, 82.0]","[4.0, 6.0]"
337,[ 8 21 28 29 43],77,[31 50 77 81 85],0,2,"[7.0, 22.0, 24.0, 31.0, 35.0, 41.0, 50.0, 77.0, 81.0, 85.0, 93.0]","[5.0, 5.0]"
338,[ 8 10 43 47],77,[24 31 50 77 81 93],1,2,"[7.0, 22.0, 24.0, 31.0, 35.0, 41.0, 50.0, 77.0, 81.0, 85.0, 93.0]","[6.0, 4.0]"
339,[ 7 15 19 25],78,[12 23],0,2,"[12.0, 23.0, 53.0, 78.0, 92.0]","[2.0, 4.0]"
340,[11 15 19 27],78,[12 23 53 78],1,2,"[12.0, 23.0, 53.0, 78.0, 92.0]","[4.0, 4.0]"
341,[ 0 22 47],79,[79],0,2,"[7.0, 12.0, 13.0, 35.0, 61.0, 79.0, 91.0, 93.0]","[1.0, 3.0]"
342,[19 22 45 47],79,[35 79],1,2,"[7.0, 12.0, 13.0, 35.0, 61.0, 79.0, 91.0, 93.0]","[2.0, 4.0]"
343,[ 0 24 41],80,[80],0,2,"[15.0, 30.0, 80.0]","[1.0, 3.0]"
344,[18 21 23 26 29 30 34 35 39 45],81,[ 4 22 28 37 50 56 63 64 74 77],0,2,"[0.0, 4.0, 22.0, 24.0, 28.0, 37.0, 50.0, 56.0, 63.0, 64.0, 74.0, 77.0, 81.0]","[10.0, 10.0]"
345,[ 5 14 18 21 23 26 29 30 34 46],81,[ 4 22 28 37 56 64],1,2,"[0.0, 4.0, 22.0, 24.0, 28.0, 37.0, 50.0, 56.0, 63.0, 64.0, 74.0, 77.0, 81.0]","[6.0, 10.0]"
346,[ 1 14 20 23 33 40 41 47],82,[32 41 46 52],0,2,"[12.0, 15.0, 25.0, 32.0, 41.0, 46.0, 52.0, 60.0, 68.0, 76.0, 82.0]","[4.0, 8.0]"
347,[ 4  7 11 14 33 40],82,[12 25 32 41 68 82],1,2,"[12.0, 15.0, 25.0, 32.0, 41.0, 46.0, 52.0, 60.0, 68.0, 76.0, 82.0]","[6.0, 6.0]"
348,[ 5  8 14 18 21 27 35],83,[ 4 48 63 67 83],0,2,"[2.0, 4.0, 29.0, 34.0, 48.0, 63.0, 67.0, 74.0, 83.0]","[5.0, 7.0]"
349,[ 9 27 46],83,[67],1,2,"[2.0, 4.0, 29.0, 34.0, 48.0, 63.0, 67.0, 74.0, 83.0]","[1.0, 3.0]"
350,[ 3  5  8 18 23 24 26 31 39 41 42],84,[ 8 16 28 33 34 36 84],0,2,"[8.0, 14.0, 16.0, 28.0, 29.0, 33.0, 34.0, 36.0, 53.0, 64.0, 84.0]","[7.0, 11.0]"
351,[ 3  5  6  8 18 24 26 27 36 39],84,[ 8 14 33 34 64 84],1,2,"[8.0, 14.0, 16.0, 28.0, 29.0, 33.0, 34.0, 36.0, 53.0, 64.0, 84.0]","[6.0, 10.0]"
352,[ 0 10 14 19 28 29 45],85,[35 77 85],0,2,"[13.0, 22.0, 31.0, 35.0, 42.0, 54.0, 77.0, 85.0]","[3.0, 7.0]"
353,[ 0 13 22 29 36 45],85,[13 35 54 85],1,2,"[13.0, 22.0, 31.0, 35.0, 42.0, 54.0, 77.0, 85.0]","[4.0, 6.0]"
354,[13 14 38 43],86,[56 71],0,2,"[11.0, 18.0, 22.0, 37.0, 56.0, 66.0, 71.0, 86.0]","[2.0, 4.0]"
355,[21 31 35 38],86,[18 37 66 86],1,2,"[11.0, 18.0, 22.0, 37.0, 56.0, 66.0, 71.0, 86.0]","[4.0, 4.0]"
356,[ 4 11 35 40],87,[25 87],0,2,"[17.0, 25.0, 54.0, 68.0, 87.0]","[2.0, 4.0]"
357,[ 4 10 11 22 40],87,[17 25 54],1,2,"[17.0, 25.0, 54.0, 68.0, 87.0]","[3.0, 5.0]"
358,[ 1 12 16 26 33 37],88,[ 5 30 36 88],0,2,"[5.0, 13.0, 30.0, 36.0, 51.0, 62.0, 73.0, 88.0]","[4.0, 6.0]"
359,[12 26 33 37 41],88,[ 5 30 51],1,2,"[5.0, 13.0, 30.0, 36.0, 51.0, 62.0, 73.0, 88.0]","[3.0, 5.0]"
360,[15 16 29 31 33 36 43],89,[ 1 14 44 72 75],0,2,"[1.0, 14.0, 19.0, 44.0, 57.0, 72.0, 75.0, 89.0]","[5.0, 7.0]"
361,[ 0  4 15 16 27 29 36 43 44],89,[14 19 44 72 75],1,2,"[1.0, 14.0, 19.0, 44.0, 57.0, 72.0, 75.0, 89.0]","[5.0, 9.0]"
362,[22 31 36 44],90,[ 1 17],0,2,"[1.0, 17.0, 27.0, 45.0, 49.0, 69.0, 90.0]","[2.0, 4.0]"
363,[18 22 43 44],90,[27 49],1,2,"[1.0, 17.0, 27.0, 45.0, 49.0, 69.0, 90.0]","[2.0, 4.0]"
364,[ 9 12 17 20 32 44],91,[21 42 65 91],0,2,"[7.0, 17.0, 21.0, 38.0, 42.0, 58.0, 60.0, 65.0, 79.0, 91.0]","[4.0, 6.0]"
365,[ 0  4  9 12 17 28 32 33 34 36],91,[ 7 17 21 38 60 91],1,2,"[7.0, 17.0, 21.0, 38.0, 42.0, 58.0, 60.0, 65.0, 79.0, 91.0]","[6.0, 10.0]"
366,[25 31 42 43],92,[44 45 53 58],0,2,"[39.0, 44.0, 45.0, 49.0, 53.0, 58.0, 78.0, 92.0]","[4.0, 4.0]"
367,[11 25 32 42 43],92,[44 53 58],1,2,"[39.0, 44.0, 45.0, 49.0, 53.0, 58.0, 78.0, 92.0]","[3.0, 5.0]"
368,[ 2 15 22 28 32 34],93,[ 7  9 23 79],0,2,"[7.0, 9.0, 23.0, 24.0, 40.0, 41.0, 77.0, 79.0, 93.0]","[4.0, 6.0]"
369,[ 2 14 22 28 32 45],93,[ 7 77 79 93],1,2,"[7.0, 9.0, 23.0, 24.0, 40.0, 41.0, 77.0, 79.0, 93.0]","[4.0, 6.0]"
370,[23 26 29 30 35 37 38 40],94,[18 46 51 94],0,2,"[5.0, 6.0, 18.0, 29.0, 32.0, 46.0, 51.0, 56.0, 68.0, 94.0]","[4.0, 8.0]"
371,[ 4  7 23 29 33 37 38 41],94,[ 6 29 32 46 51 68],1,2,"[5.0, 6.0, 18.0, 29.0, 32.0, 46.0, 51.0, 56.0, 68.0, 94.0]","[6.0, 8.0]"
372,[ 0 14 20 27 32 34],95,[ 4 21 55 67],0,2,"[0.0, 4.0, 19.0, 21.0, 55.0, 60.0, 67.0, 72.0, 95.0]","[4.0, 6.0]"
373,[ 0  9 12 15 27 29 32 33],95,[19 21 60 72],1,2,"[0.0, 4.0, 19.0, 21.0, 55.0, 60.0, 67.0, 72.0, 95.0]","[4.0, 8.0]"
374,[18 29 33 39],0,[ 0 95],0,3,"[0.0, 22.0, 72.0, 81.0, 95.0]","[2.0, 4.0]"
375,[21 29 34 39],0,[22 81],1,3,"[0.0, 22.0, 72.0, 81.0, 95.0]","[2.0, 4.0]"
376,[10 11 22 25],1,[ 1 42 45 58],0,3,"[1.0, 17.0, 27.0, 42.0, 44.0, 45.0, 57.0, 58.0, 68.0, 89.0, 90.0]","[4.0, 4.0]"
377,[10 22 23 27 44],1,[ 1 42 57 68 89],1,3,"[1.0, 17.0, 27.0, 42.0, 44.0, 45.0, 57.0, 58.0, 68.0, 89.0, 90.0]","[5.0, 5.0]"
378,[ 7 15 17 28],2,[26 40],0,3,"[2.0, 26.0, 29.0, 40.0, 83.0]","[2.0, 4.0]"
379,[ 8 28 37 38 46],2,[ 2 40 83],1,3,"[2.0, 26.0, 29.0, 40.0, 83.0]","[3.0, 5.0]"
380,[11 12 19 21],3,[ 3 73],1,3,"[3.0, 25.0, 73.0]","[2.0, 4.0]"
381,[ 0  5  9 18 21 30 33 34 38],4,[ 4 55 56 63 95],0,3,"[4.0, 22.0, 34.0, 43.0, 55.0, 56.0, 63.0, 67.0, 70.0, 81.0, 83.0, 95.0]","[5.0, 9.0]"
382,[ 5 17 18 29 34 39 42],4,[22 34 63 81 83],1,3,"[4.0, 22.0, 34.0, 43.0, 55.0, 56.0, 63.0, 67.0, 70.0, 81.0, 83.0, 95.0]","[5.0, 7.0]"
383,[15 20 26 29 33 37 41],5,[ 5 30 51 60 72],0,3,"[5.0, 30.0, 32.0, 46.0, 51.0, 60.0, 72.0, 88.0, 94.0]","[5.0, 7.0]"
384,[ 1  7 13 20 23 26 41],5,[30 32 51 60 88],1,3,"[5.0, 30.0, 32.0, 46.0, 51.0, 60.0, 72.0, 88.0, 94.0]","[5.0, 7.0]"
385,[ 7 13 23 26 28 29 39 41],6,[ 6 36 50 52],0,3,"[6.0, 28.0, 29.0, 32.0, 36.0, 50.0, 52.0, 61.0, 94.0]","[4.0, 8.0]"
386,[ 8 23 26 28 39 41 47],6,[36 50 61],1,3,"[6.0, 28.0, 29.0, 32.0, 36.0, 50.0, 52.0, 61.0, 94.0]","[3.0, 7.0]"
387,[ 0  2 10 14 17 19 32 47],7,[35 65 77 93],0,3,"[7.0, 31.0, 35.0, 65.0, 77.0, 79.0, 91.0, 93.0]","[4.0, 8.0]"
388,[ 0 10 12 22 43],7,[ 7 31 91],1,3,"[7.0, 31.0, 35.0, 65.0, 77.0, 79.0, 91.0, 93.0]","[3.0, 5.0]"
389,[ 3  8 21 24 26 30 37 42],8,[ 8 18 33 51 74 84],0,3,"[8.0, 18.0, 29.0, 33.0, 36.0, 39.0, 51.0, 64.0, 74.0, 76.0, 84.0]","[6.0, 8.0]"
390,[ 3  5  6 13 24 25 26 30 37 41],8,[18 33 36 39 51 64],1,3,"[8.0, 18.0, 29.0, 33.0, 36.0, 39.0, 51.0, 64.0, 74.0, 76.0, 84.0]","[6.0, 10.0]"
391,[25 28 34 47],9,[ 9 93],0,3,"[9.0, 23.0, 55.0, 70.0, 93.0]","[2.0, 4.0]"
392,[ 0  2 15 25 34 38 47],9,[23 55 70],1,3,"[9.0, 23.0, 55.0, 70.0, 93.0]","[3.0, 7.0]"
393,[10 28 30 31 42],10,[16 31 71],0,3,"[10.0, 16.0, 31.0, 47.0, 54.0, 71.0]","[3.0, 5.0]"
394,[10 30 42],10,[10],1,3,"[10.0, 16.0, 31.0, 47.0, 54.0, 71.0]","[1.0, 3.0]"
395,[ 3 20 22 30 34],11,[11 49 86],0,3,"[11.0, 49.0, 71.0, 76.0, 86.0]","[3.0, 5.0]"
396,[ 3 22 43],11,[49],1,3,"[11.0, 49.0, 71.0, 76.0, 86.0]","[1.0, 3.0]"
397,[ 0  7 11 19 20 23 33 45 47],12,[12 25 32 35 82],0,3,"[12.0, 23.0, 25.0, 26.0, 32.0, 35.0, 41.0, 61.0, 73.0, 78.0, 79.0, 82.0]","[5.0, 9.0]"
398,[ 7 11 12 13 14 22 23 25 37 42 45],12,[12 25 35 41 61 73 78 79 82],1,3,"[12.0, 23.0, 25.0, 26.0, 32.0, 35.0, 41.0, 61.0, 73.0, 78.0, 79.0, 82.0]","[9.0, 11.0]"
399,[10 13 16 19 29 30 37 43 45 47],13,[13 35 71 79 85 88],0,3,"[13.0, 35.0, 42.0, 49.0, 61.0, 62.0, 71.0, 79.0, 85.0, 88.0]","[6.0, 10.0]"
400,[ 0  3  6 13 23 29 37 43 44 45],13,[13 42 49 61 62 79 85 88],1,3,"[13.0, 35.0, 42.0, 49.0, 61.0, 62.0, 71.0, 79.0, 85.0, 88.0]","[8.0, 10.0]"
401,[ 4  5 15 16 21 22 46],14,[14 17 63 75 89],0,3,"[14.0, 17.0, 33.0, 44.0, 47.0, 53.0, 63.0, 67.0, 69.0, 75.0, 84.0, 89.0]","[5.0, 7.0]"
402,[ 4  5 21 22 27 30],14,[17 47 63 67],1,3,"[14.0, 17.0, 33.0, 44.0, 47.0, 53.0, 63.0, 67.0, 69.0, 75.0, 84.0, 89.0]","[4.0, 6.0]"
403,[ 0  7 12 16 33],15,[15 30 60 80 82],0,3,"[15.0, 25.0, 30.0, 60.0, 69.0, 73.0, 80.0, 82.0]","[5.0, 5.0]"
404,[ 0  7 12 16 19 24 33 37 40],15,[30 60 73 80 82],1,3,"[15.0, 25.0, 30.0, 60.0, 69.0, 73.0, 80.0, 82.0]","[5.0, 9.0]"
405,[ 5 13 41 42],16,[36 84],0,3,"[10.0, 16.0, 36.0, 45.0, 53.0, 71.0, 84.0]","[2.0, 4.0]"
406,[ 5 31 41],16,[16 36 84],1,3,"[10.0, 16.0, 36.0, 45.0, 53.0, 71.0, 84.0]","[3.0, 3.0]"
407,[ 5 12 32 43],17,[14 17 44 91],0,3,"[1.0, 14.0, 17.0, 42.0, 44.0, 49.0, 54.0, 58.0, 87.0, 90.0, 91.0]","[4.0, 4.0]"
408,[ 4  5 12 25 27 31 44],17,[ 1 14 17 58 91],1,3,"[1.0, 14.0, 17.0, 42.0, 44.0, 49.0, 54.0, 58.0, 87.0, 90.0, 91.0]","[5.0, 7.0]"
409,[ 3  9 23 26 30 31 34 35 36 38],18,[ 8 47 66 94],0,3,"[8.0, 18.0, 47.0, 48.0, 51.0, 56.0, 66.0, 86.0, 94.0]","[4.0, 10.0]"
410,[14 17 35 36 38],18,[47 48 56],1,3,"[8.0, 18.0, 47.0, 48.0, 51.0, 56.0, 66.0, 86.0, 94.0]","[3.0, 5.0]"
411,[ 0 27 33 34 46],19,[55 67 95],0,3,"[19.0, 55.0, 67.0, 72.0, 89.0, 95.0]","[3.0, 5.0]"
412,[ 0 29 44],19,[19 72 89],1,3,"[19.0, 55.0, 67.0, 72.0, 89.0, 95.0]","[3.0, 3.0]"
413,[ 2  5  6 21 35 38 45],20,[20 33 37 43 62],0,3,"[20.0, 33.0, 37.0, 43.0, 59.0, 62.0, 63.0]","[5.0, 7.0]"
414,[21 24 38 46],20,[20 37],1,3,"[20.0, 33.0, 37.0, 43.0, 59.0, 62.0, 63.0]","[2.0, 4.0]"
415,[ 9 10 17 22 32 33],21,[21 60 65 91],0,3,"[21.0, 48.0, 60.0, 65.0, 91.0, 95.0]","[4.0, 6.0]"
416,[12 20 33],21,[60],1,3,"[21.0, 48.0, 60.0, 65.0, 91.0, 95.0]","[1.0, 3.0]"
417,[ 6 30 34],22,[86],0,3,"[0.0, 4.0, 22.0, 46.0, 55.0, 56.0, 66.0, 77.0, 81.0, 85.0, 86.0]","[1.0, 3.0]"
418,[ 1 14 21 29 30 31 38 39],22,[22 56 66 81],1,3,"[0.0, 4.0, 22.0, 46.0, 55.0, 56.0, 66.0, 77.0, 81.0, 85.0, 86.0]","[4.0, 8.0]"
419,[ 7 28 37 42 47],23,[23 40 78],0,3,"[9.0, 12.0, 23.0, 40.0, 78.0, 93.0]","[3.0, 5.0]"
420,[ 2 15 37 47],23,[40 93],1,3,"[9.0, 12.0, 23.0, 40.0, 78.0, 93.0]","[2.0, 4.0]"
421,[38 39 46 47],24,[37 43 62 77 81 93],0,3,"[24.0, 37.0, 43.0, 62.0, 63.0, 70.0, 77.0, 81.0, 93.0]","[6.0, 4.0]"
422,[ 5 14 18 21 39 45],24,[37 43 62 63 70 81],1,3,"[24.0, 37.0, 43.0, 62.0, 63.0, 70.0, 77.0, 81.0, 93.0]","[6.0, 6.0]"
423,[ 7 10 11 15 21 23 32 35 40 47],25,[ 3 12 15 45 54 57 68 69 73 87],0,3,"[3.0, 12.0, 15.0, 25.0, 45.0, 54.0, 57.0, 68.0, 69.0, 73.0, 82.0, 87.0]","[10.0, 10.0]"
424,[ 4 12 21 23 24 31 32 36],25,[ 3 25 45 68 69 73],1,3,"[3.0, 12.0, 15.0, 25.0, 45.0, 54.0, 57.0, 68.0, 69.0, 73.0, 82.0, 87.0]","[6.0, 8.0]"
425,[12 15 17 19 34 37 38 47],26,[ 2 12 26 38],0,3,"[2.0, 12.0, 26.0, 38.0, 40.0, 73.0]","[4.0, 8.0]"
426,[ 7 12 34 37],26,[26 38],1,3,"[2.0, 12.0, 26.0, 38.0, 40.0, 73.0]","[2.0, 4.0]"
427,[ 2  4 10 18 22 31 38],27,[ 1 42 70],0,3,"[1.0, 27.0, 42.0, 49.0, 59.0, 70.0, 90.0]","[3.0, 7.0]"
428,[ 2  3 10 22 38],27,[27 42 70],1,3,"[1.0, 27.0, 42.0, 49.0, 59.0, 70.0, 90.0]","[3.0, 5.0]"
429,[14 23 46],28,[28 63 81],0,3,"[6.0, 28.0, 50.0, 63.0, 64.0, 81.0, 84.0]","[3.0, 3.0]"
430,[ 6  8 14 21 39 41 42],28,[ 6 28 64 81 84],1,3,"[6.0, 28.0, 50.0, 63.0, 64.0, 81.0, 84.0]","[5.0, 7.0]"
431,[ 3  6  8 13 17 21 23 26 35 37 41 46],29,[ 8 36 37 51 83 94],0,3,"[2.0, 6.0, 8.0, 29.0, 34.0, 36.0, 37.0, 50.0, 51.0, 64.0, 70.0, 74.0, 83.0, 84.0, 94.0]","[6.0, 12.0]"
432,[ 2  5 17 21 26 28 37 38 41 46],29,[ 6 34 37 50 51 64 70 83 84 94],1,3,"[2.0, 6.0, 8.0, 29.0, 34.0, 36.0, 37.0, 50.0, 51.0, 64.0, 70.0, 74.0, 83.0, 84.0, 94.0]","[10.0, 10.0]"
433,[ 0  3 13 16 19 24 33],30,[60 73 76 80 88],0,3,"[5.0, 15.0, 30.0, 36.0, 60.0, 73.0, 76.0, 80.0, 88.0]","[5.0, 7.0]"
434,[ 1 12 19 26 33 41],30,[ 5 36 73 88],1,3,"[5.0, 15.0, 30.0, 36.0, 60.0, 73.0, 76.0, 80.0, 88.0]","[4.0, 6.0]"
435,[10 13 42 43],31,[10 71],0,3,"[7.0, 10.0, 31.0, 42.0, 49.0, 65.0, 71.0, 77.0, 85.0]","[2.0, 4.0]"
436,[ 0  3 10 13 17 22 42 43],31,[ 7 10 31 49 65 71],1,3,"[7.0, 10.0, 31.0, 42.0, 49.0, 65.0, 71.0, 77.0, 85.0]","[6.0, 8.0]"
437,[ 1  8 15 23 38],32,[ 6 32 52 72 94],0,3,"[5.0, 6.0, 12.0, 32.0, 52.0, 60.0, 61.0, 68.0, 72.0, 82.0, 94.0]","[5.0, 5.0]"
438,[ 1  4  7 13 23 29 38 40 41 47],32,[52 61 68 94],1,3,"[5.0, 6.0, 12.0, 32.0, 52.0, 60.0, 61.0, 68.0, 72.0, 82.0, 94.0]","[4.0, 10.0]"
439,[ 5  6  8 21 46],33,[20 33 74],0,3,"[8.0, 14.0, 20.0, 33.0, 59.0, 63.0, 69.0, 74.0, 75.0, 84.0]","[3.0, 5.0]"
440,[ 3  6 11 16 24 26 36 44 46],33,[ 8 20 33 69 75],1,3,"[8.0, 14.0, 20.0, 33.0, 59.0, 63.0, 69.0, 74.0, 75.0, 84.0]","[5.0, 9.0]"
441,[ 2  5 17 18 42 46],34,[29 70 83 84],0,3,"[4.0, 29.0, 34.0, 70.0, 83.0, 84.0]","[4.0, 6.0]"
442,[ 8 17 18 26 38 42 46],34,[29 34 83],1,3,"[4.0, 29.0, 34.0, 70.0, 83.0, 84.0]","[3.0, 7.0]"
443,[ 7 14 19 22 28 29 36 45],35,[12 35 54 77 79 85],0,3,"[7.0, 12.0, 13.0, 35.0, 54.0, 77.0, 79.0, 85.0]","[6.0, 8.0]"
444,[ 7 10 14 22 28 29 45],35,[12 35 77 79 85],1,3,"[7.0, 12.0, 13.0, 35.0, 54.0, 77.0, 79.0, 85.0]","[5.0, 7.0]"
445,[ 8 12 16 20 23 26 35 41],36,[ 6  8 30 76],0,3,"[6.0, 8.0, 16.0, 29.0, 30.0, 36.0, 51.0, 61.0, 76.0, 84.0, 88.0]","[4.0, 8.0]"
446,[ 8 12 20 31 35 37 38 42],36,[ 8 16 29 30 76 88],1,3,"[6.0, 8.0, 16.0, 29.0, 30.0, 36.0, 51.0, 61.0, 76.0, 84.0, 88.0]","[6.0, 8.0]"
447,[ 2  8 18 21 35 38],37,[70 74],0,3,"[20.0, 24.0, 29.0, 37.0, 56.0, 62.0, 63.0, 64.0, 70.0, 74.0, 81.0, 86.0]","[2.0, 6.0]"
448,[ 2  5 14 18 26 30 38 39 46],37,[37 56 63 64 70],1,3,"[20.0, 24.0, 29.0, 37.0, 56.0, 62.0, 63.0, 64.0, 70.0, 74.0, 81.0, 86.0]","[5.0, 9.0]"
449,[12 17 19 22 32 34 37],38,[38 73 91],0,3,"[26.0, 38.0, 65.0, 73.0, 91.0]","[3.0, 7.0]"
450,[17 19 34 37],38,[38 73],1,3,"[26.0, 38.0, 65.0, 73.0, 91.0]","[2.0, 4.0]"
451,[ 3 11 39 43],39,[39 92],0,3,"[8.0, 39.0, 49.0, 64.0, 92.0]","[2.0, 4.0]"
452,[11 25 43],39,[92],1,3,"[8.0, 39.0, 49.0, 64.0, 92.0]","[1.0, 3.0]"
453,[15 25 47],40,[23],0,3,"[2.0, 23.0, 26.0, 40.0, 93.0]","[1.0, 3.0]"
454,[ 2 28 47],40,[93],1,3,"[2.0, 23.0, 26.0, 40.0, 93.0]","[1.0, 3.0]"
455,[ 2  7 14 28 40],41,[41 82 93],0,3,"[12.0, 41.0, 77.0, 82.0, 93.0]","[3.0, 5.0]"
456,[ 7 14 19 20],41,[12 41],1,3,"[12.0, 41.0, 77.0, 82.0, 93.0]","[2.0, 4.0]"
457,[ 3  4 13 28 36 44 45],42,[13 17 31 42 49],0,3,"[1.0, 13.0, 17.0, 27.0, 31.0, 42.0, 49.0, 54.0, 65.0, 85.0, 91.0]","[5.0, 7.0]"
458,[ 4 22 28 31 43],42,[ 1 31 42],1,3,"[1.0, 13.0, 17.0, 27.0, 31.0, 42.0, 49.0, 54.0, 65.0, 85.0, 91.0]","[3.0, 5.0]"
459,[ 2  5  6 18 38 44 45],43,[62 70 75],0,3,"[4.0, 20.0, 24.0, 43.0, 59.0, 62.0, 63.0, 70.0, 75.0]","[3.0, 7.0]"
460,[ 2  6 14 16 18 24 46],43,[ 4 24 43 59 62 63 75],1,3,"[4.0, 20.0, 24.0, 43.0, 59.0, 62.0, 63.0, 70.0, 75.0]","[7.0, 7.0]"
461,[ 3 11 15 22 25 27 32 42 44],44,[44 49 53 58 89],0,3,"[1.0, 14.0, 17.0, 44.0, 49.0, 53.0, 58.0, 89.0, 92.0]","[5.0, 9.0]"
462,[15 22 25 31 32 36 43],44,[ 1 17 44 58 89],1,3,"[1.0, 14.0, 17.0, 44.0, 49.0, 53.0, 58.0, 89.0, 92.0]","[5.0, 7.0]"
463,[ 4 11 13 15 25 31 40 42],45,[16 45 57 58],0,3,"[1.0, 16.0, 25.0, 45.0, 53.0, 57.0, 58.0, 69.0, 90.0, 92.0]","[4.0, 8.0]"
464,[ 3  4 11 15 25 27 32 36 40 42],45,[53 57 58 90],1,3,"[1.0, 16.0, 25.0, 45.0, 53.0, 57.0, 58.0, 69.0, 90.0, 92.0]","[4.0, 10.0]"
465,[ 1  7 14 20 23 29 34 38 40],46,[22 82 94],0,3,"[5.0, 22.0, 46.0, 52.0, 57.0, 66.0, 68.0, 72.0, 82.0, 94.0]","[3.0, 9.0]"
466,[ 7 16 34 40 41],46,[ 5 52 57 66 72],1,3,"[5.0, 22.0, 46.0, 52.0, 57.0, 66.0, 68.0, 72.0, 82.0, 94.0]","[5.0, 5.0]"
467,[ 5 10 27 30 36 42],47,[10 14],0,3,"[10.0, 14.0, 18.0, 47.0, 48.0, 54.0, 67.0]","[2.0, 6.0]"
468,[19 27 42 46],47,[10 47 54 67],1,3,"[10.0, 14.0, 18.0, 47.0, 48.0, 54.0, 67.0]","[4.0, 4.0]"
469,[ 8 17 20 27 32],48,[21 67 83],0,3,"[18.0, 21.0, 47.0, 48.0, 65.0, 67.0, 74.0, 83.0]","[3.0, 5.0]"
470,[ 8  9 20 21 27 30 32 35 36 46],48,[21 47 67 74],1,3,"[18.0, 21.0, 47.0, 48.0, 65.0, 67.0, 74.0, 83.0]","[4.0, 10.0]"
471,[ 6 11 18 20 25 27 28 31],49,[11 17 27 31 42 44 90 92],0,3,"[11.0, 13.0, 17.0, 27.0, 31.0, 39.0, 42.0, 44.0, 49.0, 71.0, 76.0, 90.0, 92.0]","[8.0, 8.0]"
472,[ 3 13 25 27 36 39 43 45],49,[13 17 39 44],1,3,"[11.0, 13.0, 17.0, 27.0, 31.0, 39.0, 42.0, 44.0, 49.0, 71.0, 76.0, 90.0, 92.0]","[4.0, 8.0]"
473,[ 5  6  8 14 23 26 39 45],50,[28 50 64 77],0,3,"[6.0, 28.0, 29.0, 50.0, 64.0, 74.0, 77.0, 81.0]","[4.0, 8.0]"
474,[ 6 28 38],50,[29 50 64],1,3,"[6.0, 28.0, 29.0, 50.0, 64.0, 74.0, 77.0, 81.0]","[3.0, 3.0]"
475,[ 8 23 33 37 41],51,[ 5 29 36 88 94],0,3,"[5.0, 8.0, 18.0, 29.0, 36.0, 51.0, 88.0, 94.0]","[5.0, 5.0]"
476,[ 1  3  8 16 23 26 35 37 41],51,[ 8 29 36 88 94],1,3,"[5.0, 8.0, 18.0, 29.0, 36.0, 51.0, 88.0, 94.0]","[5.0, 9.0]"
477,[ 1  7 20 29],52,[46 82],0,3,"[6.0, 32.0, 46.0, 52.0, 72.0, 76.0, 82.0]","[2.0, 4.0]"
478,[ 3  7 15 29 33 40 41],52,[72 76 82],1,3,"[6.0, 32.0, 46.0, 52.0, 72.0, 76.0, 82.0]","[3.0, 7.0]"
479,[ 5 11 13 24 25 27 32 42 43],53,[14 16 45 69 92],0,3,"[14.0, 16.0, 44.0, 45.0, 53.0, 69.0, 78.0, 84.0, 92.0]","[5.0, 9.0]"
480,[ 4 11 13 24 25 27 32 36 42],53,[16 44 45 69 92],1,3,"[14.0, 16.0, 44.0, 45.0, 53.0, 69.0, 78.0, 84.0, 92.0]","[5.0, 9.0]"
481,[ 0  4 22 24 35 40 44 45],54,[25 35 42 54 69 87],0,3,"[10.0, 17.0, 25.0, 35.0, 42.0, 47.0, 54.0, 69.0, 85.0, 87.0]","[6.0, 8.0]"
482,[ 4 22 36],54,[17],1,3,"[10.0, 17.0, 25.0, 35.0, 42.0, 47.0, 54.0, 69.0, 85.0, 87.0]","[1.0, 3.0]"
483,[ 0  2  9 18 25 29 33 34 46],55,[ 4  9 22 55 95],0,3,"[4.0, 9.0, 19.0, 22.0, 55.0, 70.0, 95.0]","[5.0, 9.0]"
484,[ 0  2 25 27 33 34],55,[ 9 19],1,3,"[4.0, 9.0, 19.0, 22.0, 55.0, 70.0, 95.0]","[2.0, 6.0]"
485,[ 6 14 23 29 35 38],56,[18 22 86 94],0,3,"[4.0, 18.0, 22.0, 37.0, 56.0, 70.0, 81.0, 86.0, 94.0]","[4.0, 6.0]"
486,[14 23 34 35 39],56,[18 37 81 86 94],1,3,"[4.0, 18.0, 22.0, 37.0, 56.0, 70.0, 81.0, 86.0, 94.0]","[5.0, 5.0]"
487,[ 1  4 15 23 34],57,[57 66 68],0,3,"[1.0, 25.0, 45.0, 46.0, 57.0, 66.0, 68.0, 72.0, 89.0]","[3.0, 5.0]"
488,[11 15 23 27 29 31 32 33],57,[ 1 45 57 68 72 89],1,3,"[1.0, 25.0, 45.0, 46.0, 57.0, 66.0, 68.0, 72.0, 89.0]","[6.0, 8.0]"
489,[12 27 32 36 43],58,[17 44 91],0,3,"[1.0, 17.0, 44.0, 45.0, 58.0, 91.0, 92.0]","[3.0, 5.0]"
490,[ 4 12 22 25],58,[58 91],1,3,"[1.0, 17.0, 44.0, 45.0, 58.0, 91.0, 92.0]","[2.0, 4.0]"
491,[ 2  3  5 16 18 24 44],59,[27 59 75],0,3,"[20.0, 27.0, 33.0, 43.0, 59.0, 70.0, 75.0]","[3.0, 7.0]"
492,[ 2  3  5  6 16 24 38 46],59,[20 27 70 75],1,3,"[20.0, 27.0, 33.0, 43.0, 59.0, 70.0, 75.0]","[4.0, 8.0]"
493,[ 3  9 18 22 23 24 32 41],60,[15 32 76 82 91 95],0,3,"[5.0, 15.0, 21.0, 30.0, 32.0, 60.0, 76.0, 82.0, 91.0, 95.0]","[6.0, 8.0]"
494,[ 3  9 12 16 22 24 40],60,[15 21 30 76 91],1,3,"[5.0, 15.0, 21.0, 30.0, 32.0, 60.0, 76.0, 82.0, 91.0, 95.0]","[5.0, 7.0]"
495,[ 8 19 23 26 33],61,[ 6 12 32 36 61],0,3,"[6.0, 12.0, 13.0, 32.0, 36.0, 61.0, 79.0]","[5.0, 5.0]"
496,[ 0  8 22 26],61,[ 6 36 61 79],1,3,"[6.0, 12.0, 13.0, 32.0, 36.0, 61.0, 79.0]","[4.0, 4.0]"
497,[ 2 16 38],62,[24 37 62],0,3,"[13.0, 20.0, 24.0, 37.0, 43.0, 62.0, 88.0]","[3.0, 3.0]"
498,[ 2 16 46],62,[43],1,3,"[13.0, 20.0, 24.0, 37.0, 43.0, 62.0, 88.0]","[1.0, 3.0]"
499,[14 18 21 23 35 38 39 44 45],63,[ 4 20 24 28 33 37 43 63 75],0,3,"[4.0, 14.0, 20.0, 24.0, 28.0, 33.0, 37.0, 43.0, 63.0, 67.0, 74.0, 75.0, 81.0, 83.0]","[9.0, 9.0]"
500,[14 18 23 24 35 39 44 45 46],63,[ 4 24 28 33 43 63 75],1,3,"[4.0, 14.0, 20.0, 24.0, 28.0, 33.0, 37.0, 43.0, 63.0, 67.0, 74.0, 75.0, 81.0, 83.0]","[7.0, 9.0]"
501,[ 5  8 23 26 38 39],64,[28 29],0,3,"[8.0, 28.0, 29.0, 37.0, 39.0, 50.0, 64.0, 81.0, 84.0]","[2.0, 6.0]"
502,[12 22 32 34 44],65,[38 42 65],0,3,"[7.0, 21.0, 31.0, 38.0, 42.0, 48.0, 65.0, 91.0]","[3.0, 5.0]"
503,[ 0 17 20 22 34 35 43],65,[ 7 21 31 38 48 65 91],1,3,"[7.0, 21.0, 31.0, 38.0, 42.0, 48.0, 65.0, 91.0]","[7.0, 7.0]"
504,[ 1  6 14 30 40],66,[22 46 86],0,3,"[18.0, 22.0, 46.0, 57.0, 66.0, 86.0]","[3.0, 5.0]"
505,[ 1  6 14 29 35],66,[18 22 86],1,3,"[18.0, 22.0, 46.0, 57.0, 66.0, 86.0]","[3.0, 5.0]"
506,[ 5  8  9 18 27 30 33 35 46],67,[14 47 48 83 95],0,3,"[4.0, 14.0, 19.0, 47.0, 48.0, 63.0, 67.0, 83.0, 95.0]","[5.0, 9.0]"
507,[ 0  5 14 27 36],67,[ 4 14 19 67 95],1,3,"[4.0, 14.0, 19.0, 47.0, 48.0, 63.0, 67.0, 83.0, 95.0]","[5.0, 5.0]"
508,[ 1  7 11 19 20 29 40],68,[25 46 82],0,3,"[1.0, 25.0, 32.0, 46.0, 57.0, 68.0, 82.0, 87.0, 94.0]","[3.0, 7.0]"
509,[ 4 15 19 20 23 29 33 35 38 44],68,[ 1 32 46 57 68 82 87 94],1,3,"[1.0, 25.0, 32.0, 46.0, 57.0, 68.0, 82.0, 87.0, 94.0]","[8.0, 10.0]"
510,[ 3  5 19 24 32 36 40 42],69,[14 25 45 53 69 90],0,3,"[14.0, 15.0, 25.0, 33.0, 45.0, 53.0, 54.0, 69.0, 90.0]","[6.0, 8.0]"
511,[10 27 36 40 42],69,[25 53 54],1,3,"[14.0, 15.0, 25.0, 33.0, 45.0, 53.0, 54.0, 69.0, 90.0]","[3.0, 5.0]"
512,[ 6 14 18 21 25 26 34 38 42 46],70,[ 4  9 29 34 37 70],0,3,"[4.0, 9.0, 24.0, 27.0, 29.0, 34.0, 37.0, 43.0, 55.0, 56.0, 59.0, 70.0]","[6.0, 10.0]"
513,[ 0  3 16 25 44 46],70,[ 9 27 43 55],1,3,"[4.0, 9.0, 24.0, 27.0, 29.0, 34.0, 37.0, 43.0, 55.0, 56.0, 59.0, 70.0]","[4.0, 6.0]"
514,[10 20 22 31 34 43 45],71,[10 11 13 16 86],0,3,"[10.0, 11.0, 13.0, 16.0, 31.0, 49.0, 71.0, 86.0]","[5.0, 7.0]"
515,[ 3 10 13 22 30 31 43],71,[10 16 49],1,3,"[10.0, 11.0, 13.0, 16.0, 31.0, 49.0, 71.0, 86.0]","[3.0, 7.0]"
516,[16 18 29 31 33 39],72,[ 0  5 46 57 72 95],0,3,"[0.0, 5.0, 19.0, 32.0, 46.0, 52.0, 57.0, 72.0, 89.0, 95.0]","[6.0, 6.0]"
517,[ 7 23 29 31 40],72,[32 57 72],1,3,"[0.0, 5.0, 19.0, 32.0, 46.0, 52.0, 57.0, 72.0, 89.0, 95.0]","[3.0, 5.0]"
518,[12 17 19 24 34 37 40],73,[15 38 73],0,3,"[3.0, 12.0, 15.0, 25.0, 26.0, 30.0, 38.0, 73.0, 88.0]","[3.0, 7.0]"
519,[ 7 12 13 16 19 21 37 40 47],73,[ 3 12 25 73 88],1,3,"[3.0, 12.0, 15.0, 25.0, 26.0, 30.0, 38.0, 73.0, 88.0]","[5.0, 9.0]"
520,[ 3  6  8  9 24 26 35 38],74,[ 8 33 37 48 63 83],0,3,"[8.0, 29.0, 33.0, 37.0, 48.0, 50.0, 63.0, 74.0, 81.0, 83.0]","[6.0, 8.0]"
521,[ 5 17 26 28 35 38 39],74,[29 50 63 74 83],1,3,"[8.0, 29.0, 33.0, 37.0, 48.0, 50.0, 63.0, 74.0, 81.0, 83.0]","[5.0, 7.0]"
522,[ 2 24 35 44 46],75,[33 43 75],0,3,"[14.0, 33.0, 43.0, 59.0, 63.0, 75.0, 89.0]","[3.0, 5.0]"
523,[15 24 36 44 46],75,[14 43 59 75 89],1,3,"[14.0, 33.0, 43.0, 59.0, 63.0, 75.0, 89.0]","[5.0, 5.0]"
524,[ 3 12 33 41],76,[60 76],0,3,"[8.0, 11.0, 30.0, 36.0, 49.0, 52.0, 60.0, 76.0, 82.0]","[2.0, 4.0]"
525,[ 7 20 40],76,[82],1,3,"[8.0, 11.0, 30.0, 36.0, 49.0, 52.0, 60.0, 76.0, 82.0]","[1.0, 3.0]"
526,[ 0  8 10 19 21 29 39 45 47],77,[24 35 50 85 93],0,3,"[7.0, 22.0, 24.0, 31.0, 35.0, 41.0, 50.0, 77.0, 81.0, 85.0, 93.0]","[5.0, 9.0]"
527,[ 0 10 19 29 34 43],77,[22 31 35 77],1,3,"[7.0, 22.0, 24.0, 31.0, 35.0, 41.0, 50.0, 77.0, 81.0, 85.0, 93.0]","[4.0, 6.0]"
528,[11 19 42 43 47],78,[12 78 92],0,3,"[12.0, 23.0, 53.0, 78.0, 92.0]","[3.0, 5.0]"
529,[ 7 11 19 25 43 47],78,[12 92],1,3,"[12.0, 23.0, 53.0, 78.0, 92.0]","[2.0, 6.0]"
530,[ 2  7 32 45],79,[ 7 12 35 93],0,3,"[7.0, 12.0, 13.0, 35.0, 61.0, 79.0, 91.0, 93.0]","[4.0, 4.0]"
531,[ 0  7 19 28 32 47],79,[ 7 12],1,3,"[7.0, 12.0, 13.0, 35.0, 61.0, 79.0, 91.0, 93.0]","[2.0, 6.0]"
532,[ 5  8 18 21 23 30 35 38 39 46],81,[ 4 28 56 74],0,3,"[0.0, 4.0, 22.0, 24.0, 28.0, 37.0, 50.0, 56.0, 63.0, 64.0, 74.0, 77.0, 81.0]","[4.0, 10.0]"
533,[ 5  8 28 30 38 46],81,[50 56 63 81],1,3,"[0.0, 4.0, 22.0, 24.0, 28.0, 37.0, 50.0, 56.0, 63.0, 64.0, 74.0, 77.0, 81.0]","[4.0, 6.0]"
534,[11 23 33 40 47],82,[12 25 32],0,3,"[12.0, 15.0, 25.0, 32.0, 41.0, 46.0, 52.0, 60.0, 68.0, 76.0, 82.0]","[3.0, 5.0]"
535,[ 1  7 12 23 41],82,[32 46 52 60 82],1,3,"[12.0, 15.0, 25.0, 32.0, 41.0, 46.0, 52.0, 60.0, 68.0, 76.0, 82.0]","[5.0, 5.0]"
536,[ 5  8  9 14 21 26 35 38 42 46],83,[ 4 29 34 48 63 83],0,3,"[2.0, 4.0, 29.0, 34.0, 48.0, 63.0, 67.0, 74.0, 83.0]","[6.0, 10.0]"
537,[ 5  9 15 17 18 21 35 38 42],83,[ 2 34 48 63 83],1,3,"[2.0, 4.0, 29.0, 34.0, 48.0, 63.0, 67.0, 74.0, 83.0]","[5.0, 9.0]"
538,[ 3  8 11 18 23 31 35 36 39 41 42],84,[ 8 14 16 28 34 36 53],0,3,"[8.0, 14.0, 16.0, 28.0, 29.0, 33.0, 34.0, 36.0, 53.0, 64.0, 84.0]","[7.0, 11.0]"
539,[ 5  6 13 18 26 31 38 39 42],84,[16 29 34 64 84],1,3,"[8.0, 14.0, 16.0, 28.0, 29.0, 33.0, 34.0, 36.0, 53.0, 64.0, 84.0]","[5.0, 9.0]"
540,[14 19 36 43 45],85,[31 54 77],0,3,"[13.0, 22.0, 31.0, 35.0, 42.0, 54.0, 77.0, 85.0]","[3.0, 5.0]"
541,[ 0 13 22 29 36 45],85,[13 35 54 85],1,3,"[13.0, 22.0, 31.0, 35.0, 42.0, 54.0, 77.0, 85.0]","[4.0, 6.0]"
542,[13 30 43],86,[71],0,3,"[11.0, 18.0, 22.0, 37.0, 56.0, 66.0, 71.0, 86.0]","[1.0, 3.0]"
543,[13 14 21 30 34 43],86,[37 56 71 86],1,3,"[11.0, 18.0, 22.0, 37.0, 56.0, 66.0, 71.0, 86.0]","[4.0, 6.0]"
544,[ 4 10 11 19 35 36 40],87,[25 54 87],0,3,"[17.0, 25.0, 54.0, 68.0, 87.0]","[3.0, 7.0]"
545,[10 22 35],87,[17 54 87],1,3,"[17.0, 25.0, 54.0, 68.0, 87.0]","[3.0, 3.0]"
546,[ 1 13 16 26 33 41],88,[ 5 36],0,3,"[5.0, 13.0, 30.0, 36.0, 51.0, 62.0, 73.0, 88.0]","[2.0, 6.0]"
547,[ 1  6 22 26 33 41],88,[ 5 13 36 62],1,3,"[5.0, 13.0, 30.0, 36.0, 51.0, 62.0, 73.0, 88.0]","[4.0, 6.0]"
548,[ 4  5 15 31 36],89,[ 1 14 89],0,3,"[1.0, 14.0, 19.0, 44.0, 57.0, 72.0, 75.0, 89.0]","[3.0, 5.0]"
549,[ 5 16 27 29 33],89,[72 75 89],1,3,"[1.0, 14.0, 19.0, 44.0, 57.0, 72.0, 75.0, 89.0]","[3.0, 5.0]"
550,[ 3  4 18 22 24 31 32 43],90,[ 1 27 45 49 69 90],0,3,"[1.0, 17.0, 27.0, 45.0, 49.0, 69.0, 90.0]","[6.0, 8.0]"
551,[ 3 24 32],90,[45 69 90],1,3,"[1.0, 17.0, 27.0, 45.0, 49.0, 69.0, 90.0]","[3.0, 3.0]"
552,[ 9 10 12 28 33 34 47],91,[ 7 21 38 60 65 79 91],0,3,"[7.0, 17.0, 21.0, 38.0, 42.0, 58.0, 60.0, 65.0, 79.0, 91.0]","[7.0, 7.0]"
553,[10 17 22 25 36],91,[17 58 65],1,3,"[7.0, 17.0, 21.0, 38.0, 42.0, 58.0, 60.0, 65.0, 79.0, 91.0]","[3.0, 5.0]"
554,[ 4 11 25 31 32 42],92,[44 45 53 92],0,3,"[39.0, 44.0, 45.0, 49.0, 53.0, 58.0, 78.0, 92.0]","[4.0, 6.0]"
555,[ 3 11 25 27 39 42],92,[39 53],1,3,"[39.0, 44.0, 45.0, 49.0, 53.0, 58.0, 78.0, 92.0]","[2.0, 6.0]"
556,[ 0  2 14 20 32 34 37],93,[ 7  9 23 40 41],0,3,"[7.0, 9.0, 23.0, 24.0, 40.0, 41.0, 77.0, 79.0, 93.0]","[5.0, 7.0]"
557,[ 0  2 15 20 32 34 45],93,[ 7  9 23 41 77],1,3,"[7.0, 9.0, 23.0, 24.0, 40.0, 41.0, 77.0, 79.0, 93.0]","[5.0, 7.0]"
558,[ 1 14 23 29 35 37 40 41],94,[ 6 18 29 46 51 56],0,3,"[5.0, 6.0, 18.0, 29.0, 32.0, 46.0, 51.0, 56.0, 68.0, 94.0]","[6.0, 8.0]"
559,[ 1  4  8 16 26 29 33],94,[ 5 29 46 68 94],1,3,"[5.0, 6.0, 18.0, 29.0, 32.0, 46.0, 51.0, 56.0, 68.0, 94.0]","[5.0, 7.0]"
560,[ 0  9 14 18 27 29 33 39 46],95,[ 0  4 19],0,3,"[0.0, 4.0, 19.0, 21.0, 55.0, 60.0, 67.0, 72.0, 95.0]","[3.0, 9.0]"
561,[12 15 18 20 33 34 39 46],95,[ 0 19 55 60 67 72],1,3,"[0.0, 4.0, 19.0, 21.0, 55.0, 60.0, 67.0, 72.0, 95.0]","[6.0, 8.0]"
